# generated by TestWriteLiveGeositeFixture; do not edit by hand
bit_len	1024
rule	0	suffix	test-ipv6.com
rule	1	full	bj1.api.bing.com
rule	1	full	emoi-cncdn.bing.com
rule	1	full	location.microsoft.com
rule	2	suffix	_https._tcp.mirrors.ustc.edu.cn
rule	2	suffix	bing
rule	2	suffix	bing.com
rule	2	suffix	bing.com.cn
rule	2	suffix	bing.net
rule	2	suffix	bing123.com
rule	2	suffix	bingads.com
rule	2	suffix	bingagencyawards.com
rule	2	suffix	bingapis.com
rule	2	suffix	bingapistatistics.com
rule	2	suffix	bingparachute.com
rule	2	suffix	bingsandbox.com
rule	2	suffix	bingvisualsearch.com
rule	2	suffix	bingworld.com
rule	2	suffix	bluehatnights.com
rule	2	suffix	cn.bing.com
rule	2	suffix	cn.bing.net
rule	2	suffix	cn.mm.bing.net
rule	2	suffix	copilot.microsoft.com
rule	2	suffix	dictate.ms
rule	2	suffix	ditu.live.com
rule	2	suffix	flipwithsurface.com
rule	2	suffix	masalladeloslimites.com
rule	2	suffix	microsoft-give.com
rule	2	suffix	microsoftcloudsummit.com
rule	2	suffix	microsoftdiplomados.com
rule	2	suffix	microsoftlatamholiday.com
rule	2	suffix	microsoftmxfilantropia.com
rule	2	suffix	microsoftpartnersolutions.com
rule	2	suffix	msunlimitedcloudsummit.com
rule	2	suffix	office365love.com
rule	2	suffix	office365tw.com
rule	2	suffix	r.bing.com
rule	2	suffix	renovacionoffice.com
rule	2	suffix	sprinklesapp.com
rule	2	suffix	th.bing.com
rule	3	full	dns.google
rule	4	full	1l-hit.mail.ru
rule	4	full	1l-hit.vkplay.ru
rule	4	full	ad-channel.diwodiwo.xyz
rule	4	full	ad-display.diwodiwo.xyz
rule	4	full	ad.ozone.ru
rule	4	full	ad4.mail.ru
rule	4	full	adblogger.vk.com
rule	4	full	adblogger.vk.ru
rule	4	full	adeventtracker.spotify.com
rule	4	full	adfstat.yandex.ru
rule	4	full	ads-gate.wildberries.ru
rule	4	full	ads-integration.rustore.ru
rule	4	full	ads-media.wildberries.ru
rule	4	full	ads.dahlmessenger.com
rule	4	full	ads.icq.com
rule	4	full	ads.rustore.ru
rule	4	full	ads.vk.com
rule	4	full	ads.vk.ru
rule	4	full	ads.wildberries.ru
rule	4	full	ads.x5.ru
rule	4	full	ads.x5media.ru
rule	4	full	ads.yandex.com
rule	4	full	ads.yango.com
rule	4	full	ads3-normal-hl.zijieapi.com
rule	4	full	ads3-normal.zijieapi.com
rule	4	full	ads5-normal-hl.zijieapi.com
rule	4	full	ads5-normal.zijieapi.com
rule	4	full	adsapp.dahlmessenger.com
rule	4	full	adsapp.stage.telega.info
rule	4	full	adsapp.telega.info
rule	4	full	adsdk.yandex.ru
rule	4	full	adstudio-assets.scdn.co
rule	4	full	adv.ozon.ru
rule	4	full	adv.rustore.ru
rule	4	full	adv.vk.ru
rule	4	full	advert-api-sandbox.wb.ru
rule	4	full	advert-api-sandbox.wildberries.ru
rule	4	full	advert-api.wb.ru
rule	4	full	advert-api.wildberries.ru
rule	4	full	advert-media-api.wb.ru
rule	4	full	advert-media-api.wildberries.ru
rule	4	full	advk.vk.ru
rule	4	full	agency-adv.ozon.ru
rule	4	full	alt-r.my.com
rule	4	full	amc.yandex.ru
rule	4	full	an.mail.ru
rule	4	full	analytics-adv.ozon.ru
rule	4	full	analytics-stage.wildberries.ru
rule	4	full	analytics.google.com
rule	4	full	analytics.mobile.yandex.net
rule	4	full	analytics.vk.ru
rule	4	full	analytics.wildberries.ru
rule	4	full	api-eu.carrotquest.app
rule	4	full	api-eu.carrotquest.io
rule	4	full	api-js.mindbox.ru
rule	4	full	api-ru.carrotquest.app
rule	4	full	api-ru.carrotquest.io
rule	4	full	api-ru.mindbox.cloud
rule	4	full	api-secure.carrotquest.app
rule	4	full	api-secure.carrottrack.app
rule	4	full	api-staging.mindbox.ru
rule	4	full	api.carrotquest.app
rule	4	full	api.carrotquest.io
rule	4	full	api.carrottrack.app
rule	4	full	api.dashly.app
rule	4	full	api.dashlytrack.app
rule	4	full	api.mindbox.cloud
rule	4	full	api.mindbox.ru
rule	4	full	apilog-web.acfun.cn
rule	4	full	b2.mail.ru
rule	4	full	beginners-adv.ozon.ru
rule	4	full	bloodhound.spotify.com
rule	4	full	browser-intake-datadoghq.com
rule	4	full	bs.mail.ru
rule	4	full	clck.yandex.com
rule	4	full	clck.yandex.net
rule	4	full	clck.yango.com
rule	4	full	click.rustore.ru
rule	4	full	disney.my.sentry.io
rule	4	full	error-tracking.megamarket.tech
rule	4	full	google-analytics-suite.ozon.ru
rule	4	full	informer.yandex.ru
rule	4	full	log-sdk.gifshow.com
rule	4	full	log3-applog-hl.fqnovel.com
rule	4	full	log3-applog.fqnovel.com
rule	4	full	log5-applog-hl.fqnovel.com
rule	4	full	log5-applog.fqnovel.com
rule	4	full	loyalnost-adv.ozon.ru
rule	4	full	marketing-info.wildberries.ru
rule	4	full	marketplace-sentry.wb.ru
rule	4	full	mc.yandex.com
rule	4	full	mc.yandex.net
rule	4	full	mc.yango.com
rule	4	full	metrics.21-school.ru
rule	4	full	metrika.kontur.ru
rule	4	full	new-adv.ozon.ru
rule	4	full	o33249.ingest.sentry.io
rule	4	full	o4504926511693824.ingest.sentry.io
rule	4	full	p3-ad-sign.byteimg.com
rule	4	full	p6-ad-sign.byteimg.com
rule	4	full	p9-ad-sign.byteimg.com
rule	4	full	pinggai0.caixin.com
rule	4	full	pinggai1.caixin.com
rule	4	full	pinggai2.caixin.com
rule	4	full	pinggai3.caixin.com
rule	4	full	pinggai4.caixin.com
rule	4	full	pinggai5.caixin.com
rule	4	full	pinggai6.caixin.com
rule	4	full	pinggai7.caixin.com
rule	4	full	pinggai8.caixin.com
rule	4	full	pinggai9.caixin.com
rule	4	full	pixel.rustore.ru
rule	4	full	pixel.yandex.com
rule	4	full	prodvizhenie-adv.ozon.ru
rule	4	full	questions-adv.ozon.ru
rule	4	full	r0.mail.ru
rule	4	full	r0.mradx.net
rule	4	full	r1.mail.ru
rule	4	full	reklama.mail.ru
rule	4	full	report.ap.yandex-net.ru
rule	4	full	rs.mail.ru
rule	4	full	rtlog3-applog-hl.fqnovel.com
rule	4	full	rtlog3-applog.fqnovel.com
rule	4	full	rtlog5-applog-hl.fqnovel.com
rule	4	full	rtlog5-applog.fqnovel.com
rule	4	full	sentry-ng.g.smailru.net
rule	4	full	sentry.dev-my.com
rule	4	full	sentry.dev-my.games
rule	4	full	sentry.hetzner.company
rule	4	full	sentry.kontur.host
rule	4	full	sentry.mindbox.ru
rule	4	full	sentry.ozon.ru
rule	4	full	sentry.popmechanic.ru
rule	4	full	sentry.rustore.ru
rule	4	full	sentry.sberauto.com
rule	4	full	sentry.viqeo.tv
rule	4	full	sentry.wb.ru
rule	4	full	sentry.x5.ru
rule	4	full	srch-telemeter10.g.smailru.net
rule	4	full	stacks.vk-portal.net
rule	4	full	stats.dahlmessenger.com
rule	4	full	stats.dev.telega.info
rule	4	full	stats.rustore.ru
rule	4	full	stats.telega.info
rule	4	full	stats.vk-portal.net
rule	4	full	t.mail.ru
rule	4	full	target.vk.com
rule	4	full	top-staging.mail.ru
rule	4	full	tracing-http.megamarket.tech
rule	4	full	visor.sberbank.ru
rule	4	full	web-analytics.wildberries.ru
rule	4	full	whiteline.mail.ru
rule	4	full	wlog.kuaishou.com
rule	4	full	xapi.ozon.by
rule	4	full	xapi.ozon.com
rule	4	full	xapi.ozon.com.by
rule	4	full	xapi.ozon.com.kz
rule	4	full	xapi.ozon.kz
rule	4	full	xapi.ozon.ru
rule	4	full	xapi.ozonru.me
rule	4	full	xray.mail.ru
rule	5	regex	^speed\.(coe|open)\.ad\.[a-z]{2,6}\.prod\.hosts\.ooklaserver\.net$
rule	6	suffix	1rx.io
rule	6	suffix	2mdn-cn.net
rule	6	suffix	2mdn.net
rule	6	suffix	51.la
rule	6	suffix	51y5.net
rule	6	suffix	7box.vip
rule	6	suffix	a.adtng.com
rule	6	suffix	a.alimama.cn
rule	6	suffix	a.market.xiaomi.com
rule	6	suffix	a.youdao.com
rule	6	suffix	aaid.umeng.com
rule	6	suffix	aaxads.com
rule	6	suffix	acjs.aliyun.com
rule	6	suffix	ad-delivery.net
rule	6	suffix	ad-srv.net
rule	6	suffix	ad.12306.cn
rule	6	suffix	ad.api.3g.youku.com
rule	6	suffix	ad.api.mobile.youku.com
rule	6	suffix	ad.api.moji.com
rule	6	suffix	ad.browser.qq.com
rule	6	suffix	ad.cctv.com
rule	6	suffix	ad.games.dmm.com
rule	6	suffix	ad.hpplay.cn
rule	6	suffix	ad.intl.xiaomi.com
rule	6	suffix	ad.m.iqiyi.com
rule	6	suffix	ad.mail.ru
rule	6	suffix	ad.mi.com
rule	6	suffix	ad.mobile.youku.com
rule	6	suffix	ad.qq.com
rule	6	suffix	ad.qun.qq.com
rule	6	suffix	ad.sina.com.cn
rule	6	suffix	ad.tencentmusic.com
rule	6	suffix	ad.toutiao.com
rule	6	suffix	ad.us.sinaimg.cn
rule	6	suffix	ad.wang502.com
rule	6	suffix	ad.weixin.qq.com
rule	6	suffix	ad.xiaomi.com
rule	6	suffix	ad1.xiaomi.com
rule	6	suffix	adash-c.m.taobao.com
rule	6	suffix	adash-c.ut.taobao.com
rule	6	suffix	adash-emas.cn-hangzhou.aliyuncs.com
rule	6	suffix	adash.m.taobao.com
rule	6	suffix	adash.man.aliyuncs.com
rule	6	suffix	adashbc.m.taobao.com
rule	6	suffix	adashbc.ut.taobao.com
rule	6	suffix	adashx.m.taobao.com
rule	6	suffix	adashx.ut.amap.com
rule	6	suffix	adashx.ut.ele.me
rule	6	suffix	adashx.ut.youku.com
rule	6	suffix	adashx4ae.ut.taobao.com
rule	6	suffix	adashx4yt.m.taobao.com
rule	6	suffix	adashxgc.ut.taobao.com
rule	6	suffix	adbehavior.ximalaya.com
rule	6	suffix	adbkwai.com
rule	6	suffix	adbox.sina.com.cn
rule	6	suffix	adbutter.net
rule	6	suffix	adc.hpplay.cn
rule	6	suffix	adcolony.com
rule	6	suffix	addthisedge.com
rule	6	suffix	adeng.hpplay.cn
rule	6	suffix	adfilter.imtt.qq.com
rule	6	suffix	adfox.ru
rule	6	suffix	adfox.yandex.ru
rule	6	suffix	adimg.mobile.sina.cn
rule	6	suffix	adimg.uve.weibo.com
rule	6	suffix	adinplay.com
rule	6	suffix	adivery.com
rule	6	suffix	adivery.ir
rule	6	suffix	adjust.com
rule	6	suffix	adjust.io
rule	6	suffix	adjust.net.in
rule	6	suffix	adjust.world
rule	6	suffix	adkwai.com
rule	6	suffix	admetrica.ru
rule	6	suffix	admob-cn.com
rule	6	suffix	admob.com
rule	6	suffix	admob.xiaomi.com
rule	6	suffix	admusicpic.music.126.net
rule	6	suffix	adnet.qq.com
rule	6	suffix	adnet.sohu.com
rule	6	suffix	adnxs.com
rule	6	suffix	adping.qq.com
rule	6	suffix	adpm.app.qq.com
rule	6	suffix	adq.chinaso.com
rule	6	suffix	ads-api.duolingo.com
rule	6	suffix	ads-pixiv.net
rule	6	suffix	ads-twitter.com
rule	6	suffix	ads-union.jd.com
rule	6	suffix	ads-uo.api.leiniao.com
rule	6	suffix	ads-ut.api.leiniao.com
rule	6	suffix	ads.api.my7v.com
rule	6	suffix	ads.huan.tv
rule	6	suffix	ads.huantest.com
rule	6	suffix	ads.music.126.net
rule	6	suffix	ads.sber.ru
rule	6	suffix	ads.service.kugou.com
rule	6	suffix	ads.sina.com
rule	6	suffix	ads.sohu.com
rule	6	suffix	ads.trafficjunky.net
rule	6	suffix	ads.uc.cn
rule	6	suffix	ads.union.jd.com
rule	6	suffix	ads.unitychina.cn
rule	6	suffix	ads.viqeo.tv
rule	6	suffix	ads.wteam.xyz
rule	6	suffix	ads.yahoo.com
rule	6	suffix	ads.yandex
rule	6	suffix	ads.yandex.ru
rule	6	suffix	ads.youtube.com
rule	6	suffix	adsadvisor.io
rule	6	suffix	adscdn.baidu.com
rule	6	suffix	adsclick.qq.com
rule	6	suffix	adse.wsa.ximalaya.com
rule	6	suffix	adse.ximalaya.com
rule	6	suffix	adsense.com
rule	6	suffix	adsensecustomsearchads.com
rule	6	suffix	adsenseformobileapps.com
rule	6	suffix	adservice.google.com
rule	6	suffix	adservice.sigmob.cn
rule	6	suffix	adserviceretry.kglink.cn
rule	6	suffix	adserviceretry.kugou.com
rule	6	suffix	adsfile.qq.com
rule	6	suffix	adsh.m.taobao.com
rule	6	suffix	adshmmsg.qq.com
rule	6	suffix	adslot.uc.cn
rule	6	suffix	adslvfile.qq.com
rule	6	suffix	adslvseed.qq.com
rule	6	suffix	adsmind.apdcdn.tc.qq.com
rule	6	suffix	adsqqclick.qq.com
rule	6	suffix	adstats.tencentmusic.com
rule	6	suffix	adstestview.qq.com
rule	6	suffix	adsview.qq.com
rule	6	suffix	adsview2.qq.com
rule	6	suffix	adtechus.com
rule	6	suffix	adtrack.quark.cn
rule	6	suffix	adtrafficquality.google
rule	6	suffix	adtrue.com
rule	6	suffix	adukwai.com
rule	6	suffix	adv-sv-show.focus.cn
rule	6	suffix	adv-sv-stat.focus.cn
rule	6	suffix	adv.app.qq.com
rule	6	suffix	adv.sec.intl.miui.com
rule	6	suffix	adv.sec.miui.com
rule	6	suffix	adv.vk.com
rule	6	suffix	adv.yandex.com
rule	6	suffix	adv.yandex.ru
rule	6	suffix	advapi.joyplus.tv
rule	6	suffix	advapikj.joyplus.tv
rule	6	suffix	adver.qq.com
rule	6	suffix	advertisercommunity.com
rule	6	suffix	advertiserscommunity.com
rule	6	suffix	advertising.adobe.com
rule	6	suffix	advertising.apple.com
rule	6	suffix	advertserve.com
rule	6	suffix	adview.cn
rule	6	suffix	adwords-community.com
rule	6	suffix	adwords.com
rule	6	suffix	adwordsexpress.com
rule	6	suffix	adx.36kr.com
rule	6	suffix	adx.xiaodutv.com
rule	6	suffix	adxprtz.com
rule	6	suffix	afd.baidu.com
rule	6	suffix	afdconf.baidu.com
rule	6	suffix	afp.iqiyi.com
rule	6	suffix	alimama.alicdn.com
rule	6	suffix	alitui.weibo.com
rule	6	suffix	alog.umeng.com
rule	6	suffix	alog.umengcloud.com
rule	6	suffix	alogs.umeng.com
rule	6	suffix	alogus.umeng.com
rule	6	suffix	alt-ad.mail.ru
rule	6	suffix	amazon-adsystem.com
rule	6	suffix	an.yandex.ru
rule	6	suffix	analytics-alv.google.com
rule	6	suffix	analytics-data.io
rule	6	suffix	analytics.163.com
rule	6	suffix	analytics.facebook.com
rule	6	suffix	analytics.tiktok.com
rule	6	suffix	analytics.umetrip.com
rule	6	suffix	analytics.vk.com
rule	6	suffix	analytics.vpc.duolingo.com
rule	6	suffix	api-adservices.apple.com
rule	6	suffix	app-analytics-services-att.com
rule	6	suffix	app-analytics-services.com
rule	6	suffix	app-measurement-cn.com
rule	6	suffix	app-measurement.com
rule	6	suffix	apple.www.letv.com
rule	6	suffix	applovin.com
rule	6	suffix	applvn.com
rule	6	suffix	appmetrica.yandex.com
rule	6	suffix	appmetrica.yandex.net
rule	6	suffix	appmetrica.yandex.ru
rule	6	suffix	appmetrica.yango.com
rule	6	suffix	apptracer.ru
rule	6	suffix	ar.umeng.com
rule	6	suffix	ark.letv.com
rule	6	suffix	aspect-upush.umeng.com
rule	6	suffix	assp.sohu.com
rule	6	suffix	atanx.alicdn.com
rule	6	suffix	atanx2.alicdn.com
rule	6	suffix	atm.youku.com
rule	6	suffix	atom-data.io
rule	6	suffix	atrace.chelaile.net.cn
rule	6	suffix	audid.umeng.com
rule	6	suffix	badjs.weixinbridge.com
rule	6	suffix	baichuan-sdk.alicdn.com
rule	6	suffix	baifen.music.baidu.com
rule	6	suffix	bds.snssdk.com
rule	6	suffix	bdu.focus.cn
rule	6	suffix	beacon.cdn.qq.com
rule	6	suffix	beacon.qq.com
rule	6	suffix	beacon.sina.com.cn
rule	6	suffix	beaconcdn.qq.com
rule	6	suffix	beizi.biz
rule	6	suffix	bingads.com
rule	6	suffix	biz.weibo.com
rule	6	suffix	bluekai.com
rule	6	suffix	browser.events.data.msn.cn
rule	6	suffix	browser.events.data.msn.com
rule	6	suffix	bs.yandex.ru
rule	6	suffix	btrace.qq.com
rule	6	suffix	bugly.qq.com
rule	6	suffix	byteadverts.com
rule	6	suffix	bzclk.baidu.com
rule	6	suffix	c-adash.m.taobao.com
rule	6	suffix	c-nfa.jd.com
rule	6	suffix	c.sayhi.360.cn
rule	6	suffix	c.uaa.iqiyi.com
rule	6	suffix	casalemedia.com
rule	6	suffix	cb.baidu.com
rule	6	suffix	cbjs.baidu.com
rule	6	suffix	ccs.umeng.com
rule	6	suffix	cdn.banclip.com
rule	6	suffix	cdn.pocoiq.cn
rule	6	suffix	cfts1tifqr.com
rule	6	suffix	china-caa.org
rule	6	suffix	chinaciaf.org
rule	6	suffix	clarity.ms
rule	6	suffix	clck.yandex.ru
rule	6	suffix	clearbit.com
rule	6	suffix	clearbitjs.com
rule	6	suffix	clearbitscripts.com
rule	6	suffix	click.ali213.net
rule	6	suffix	click.gamersky.com
rule	6	suffix	click.hunantv.com
rule	6	suffix	click.uve.mobile.sina.cn
rule	6	suffix	click.uve.weibo.com
rule	6	suffix	clickstream.sberbank.ru
rule	6	suffix	cloudpush.iqiyi.com
rule	6	suffix	cm.baidu.com
rule	6	suffix	cnaa123.com
rule	6	suffix	cnlogs.umeng.com
rule	6	suffix	cnlogs.umengcloud.com
rule	6	suffix	collector.github.com
rule	6	suffix	collector.xhamster.com
rule	6	suffix	contentabc.com
rule	6	suffix	contextual.media.net
rule	6	suffix	copilot-telemetry.githubusercontent.com
rule	6	suffix	counter.yandex.ru
rule	6	suffix	cpmstar.com
rule	6	suffix	cpro.baidu.com
rule	6	suffix	cpro.baidustatic.com
rule	6	suffix	cps.360buy.com
rule	6	suffix	cpu.baidu.com
rule	6	suffix	crash.163.com
rule	6	suffix	crash2.zhihu.com
rule	6	suffix	crashlytics.163.com
rule	6	suffix	cretgate.com
rule	6	suffix	cstm.baidu.com
rule	6	suffix	ctobsnssdk.com
rule	6	suffix	cupid.iqiyi.com
rule	6	suffix	cxhub.ru
rule	6	suffix	da.hunantv.com
rule	6	suffix	da.mgtv.com
rule	6	suffix	das-rpt-log.ucloud.cn
rule	6	suffix	data.flurry.com
rule	6	suffix	data.mistat.india.xiaomi.com
rule	6	suffix	data.mistat.intl.xiaomi.com
rule	6	suffix	data.mistat.rus.xiaomi.com
rule	6	suffix	data.mistat.xiaomi.com
rule	6	suffix	datayi.cn
rule	6	suffix	dc.letv.com
rule	6	suffix	decide.mixpanel.com
rule	6	suffix	demdex.net
rule	6	suffix	dig.bdurl.net
rule	6	suffix	dlswbr.baidu.com
rule	6	suffix	dn-growing.qbox.me
rule	6	suffix	doubleclick-cn.net
rule	6	suffix	doubleclick.cn
rule	6	suffix	doubleclick.com
rule	6	suffix	doubleclick.net
rule	6	suffix	drmcmm.baidu.com
rule	6	suffix	dt.dbankcloud.ru
rule	6	suffix	dualstack-logs.amap.com
rule	6	suffix	duiwai.baidu.com
rule	6	suffix	dup.baidustatic.com
rule	6	suffix	e.kuaishou.cn
rule	6	suffix	e.kuaishou.com
rule	6	suffix	e.mindbox.ru
rule	6	suffix	e.qq.com
rule	6	suffix	e.stat.ykimg.com
rule	6	suffix	eclick.baidu.com
rule	6	suffix	ecma.bdimg.com
rule	6	suffix	ecmb.bdimg.com
rule	6	suffix	ecmc.bdimg.com
rule	6	suffix	eduad.baidu.com
rule	6	suffix	eiv.baidu.com
rule	6	suffix	emogi.com
rule	6	suffix	ems.youku.com
rule	6	suffix	ero-advertising.com
rule	6	suffix	eroadvertising.com
rule	6	suffix	euads-o.api.leiniao.com
rule	6	suffix	evt.mxplay.com
rule	6	suffix	exoclick.com
rule	6	suffix	exosrv.com
rule	6	suffix	extlog.snssdk.com
rule	6	suffix	facebookads.com
rule	6	suffix	fclick.baidu.com
rule	6	suffix	fclog.baidu.com
rule	6	suffix	fcmatch.google.com
rule	6	suffix	fenxi.360.cn
rule	6	suffix	fenxi.com
rule	6	suffix	fourier.taobao.com
rule	6	suffix	fout.jp
rule	6	suffix	fpb.sohu.com
rule	6	suffix	g.163.com
rule	6	suffix	g.click.taobao.com
rule	6	suffix	g.mindbox.ru
rule	6	suffix	g1.tagtic.cn
rule	6	suffix	g3.letv.com
rule	6	suffix	gdt.qq.com
rule	6	suffix	gemini.yahoo.com
rule	6	suffix	gia.jd.com
rule	6	suffix	gio.ren
rule	6	suffix	giocdn.com
rule	6	suffix	gmossp-sp.jp
rule	6	suffix	go2.global
rule	6	suffix	google-analytics-cn.com
rule	6	suffix	google-analytics.com
rule	6	suffix	googleadapis.com
rule	6	suffix	googleadapis.l.google.com
rule	6	suffix	googleads-cn.com
rule	6	suffix	googleads.com
rule	6	suffix	googleadservices-cn.com
rule	6	suffix	googleadservices.com
rule	6	suffix	googleadsserving.cn
rule	6	suffix	googleanalytics.com
rule	6	suffix	googleoptimize-cn.com
rule	6	suffix	googleoptimize.com
rule	6	suffix	googlesyndication-cn.com
rule	6	suffix	googlesyndication.com
rule	6	suffix	googletagmanager-cn.com
rule	6	suffix	googletagmanager.com
rule	6	suffix	googletagservices-cn.com
rule	6	suffix	googletagservices.com
rule	6	suffix	googletraveladservices-cn.com
rule	6	suffix	googletraveladservices.com
rule	6	suffix	googlevads-cn.com
rule	6	suffix	gozendata.com
rule	6	suffix	graph-fallback.instagram.com
rule	6	suffix	graph.instagram.com
rule	6	suffix	graph.whatsapp.com
rule	6	suffix	graph.whatsapp.net
rule	6	suffix	growin.cn
rule	6	suffix	growingio.cn
rule	6	suffix	growingio.com
rule	6	suffix	guanggaoad.youku.com
rule	6	suffix	gz-data.com
rule	6	suffix	gzads.com
rule	6	suffix	h-adashx.ut.ele.me
rule	6	suffix	h-adashx.ut.taobao.com
rule	6	suffix	h-adashx.ut.youku.com
rule	6	suffix	h-adashx4yt.ut.taobao.com
rule	6	suffix	h2tcbox.baidu.com
rule	6	suffix	hao123union.baidu.com
rule	6	suffix	hm.baidu.com
rule	6	suffix	hmma.baidu.com
rule	6	suffix	hq-tracking.qq.com
rule	6	suffix	htrace.wetvinfo.com
rule	6	suffix	httpool.com
rule	6	suffix	hubcloud.com.cn
rule	6	suffix	hwads-t.api.my7v.com
rule	6	suffix	i-mobile.co.jp
rule	6	suffix	i.snssdk.com
rule	6	suffix	iabchina.cn
rule	6	suffix	iad.apple.com
rule	6	suffix	iadmat.nosdn.127.net
rule	6	suffix	iadmatapk.nosdn.127.net
rule	6	suffix	iadmusicmat.music.126.net
rule	6	suffix	iadmusicmatvideo.music.126.net
rule	6	suffix	iads.unity3d.com
rule	6	suffix	iadsdk.apple.com
rule	6	suffix	ifacelog.iqiyi.com
rule	6	suffix	im-apps.net
rule	6	suffix	img-bss.csdn.net
rule	6	suffix	img-x.jd.com
rule	6	suffix	imglnkc.com
rule	6	suffix	imglnkd.com
rule	6	suffix	imgstat.baidu.com
rule	6	suffix	imp.go.sohu.com
rule	6	suffix	impact-ad.jp
rule	6	suffix	inner-active.mobi
rule	6	suffix	innovid.com
rule	6	suffix	inte.sogou.com
rule	6	suffix	inte.sogoucdn.com
rule	6	suffix	ipinyou.com
rule	6	suffix	ipinyou.com.cn
rule	6	suffix	ironbeast.io
rule	6	suffix	isdspeed.qq.com
rule	6	suffix	iwanad.baidu.com
rule	6	suffix	ja.gamersky.com
rule	6	suffix	ja1.gamersky.com
rule	6	suffix	ja2.gamersky.com
rule	6	suffix	jads.co
rule	6	suffix	jl3.yjaxa.top
rule	6	suffix	js-agent.newrelic.com
rule	6	suffix	juicyads.com
rule	6	suffix	jzt.jd.com
rule	6	suffix	kaprila.com
rule	6	suffix	kepler-37b.com
rule	6	suffix	kuyun.com
rule	6	suffix	ladsp.com
rule	6	suffix	leanplum.com
rule	6	suffix	lianmeng.360.cn
rule	6	suffix	lijit.com
rule	6	suffix	log-upload-os.hoyoverse.com
rule	6	suffix	log-upload.mihoyo.com
rule	6	suffix	log.dzen.ru
rule	6	suffix	log.hunantv.com
rule	6	suffix	log.mix.sina.com.cn
rule	6	suffix	log.sina.cn
rule	6	suffix	log.tbs.qq.com
rule	6	suffix	log.umtrack.com
rule	6	suffix	log.v2.hunantv.com
rule	6	suffix	log.zijieapi.com
rule	6	suffix	log2.sina.cn
rule	6	suffix	logs.amap.com
rule	6	suffix	logs.chelaile.net.cn
rule	6	suffix	logupdate.avlyun.sec.miui.com
rule	6	suffix	lqc006.com
rule	6	suffix	lstat.youku.com
rule	6	suffix	lu.sogou.com
rule	6	suffix	lu.sogoucdn.com
rule	6	suffix	m-adash.m.taobao.com
rule	6	suffix	m.aty.sohu.com
rule	6	suffix	mail-ads.google.com
rule	6	suffix	marketing.alibaba.com
rule	6	suffix	marketingplatform.google.com
rule	6	suffix	mbdlog.iqiyi.com
rule	6	suffix	mc.yandex.ru
rule	6	suffix	mcs.snssdk.com
rule	6	suffix	mdt.qq.com
rule	6	suffix	mediav.com
rule	6	suffix	metrics.duolingo.com
rule	6	suffix	metrics.viqeo.tv
rule	6	suffix	metrika.yandex.com
rule	6	suffix	metrika.yandex.net
rule	6	suffix	metrika.yandex.ru
rule	6	suffix	mfadsrvr.com
rule	6	suffix	mgid.com
rule	6	suffix	miao.baidu.com
rule	6	suffix	miaowu.baidu.com
rule	6	suffix	microad.co.jp
rule	6	suffix	microad.jp
rule	6	suffix	microsoftads.com
rule	6	suffix	mipcache.bdstatic.com
rule	6	suffix	misc.in.duokanbox.com
rule	6	suffix	mixer.sina.cn
rule	6	suffix	mlog.hiido.com
rule	6	suffix	moat.com
rule	6	suffix	moatads.com
rule	6	suffix	mobads-logs.baidu.com
rule	6	suffix	mobads-pre-config.cdn.bcebos.com
rule	6	suffix	mobads.baidu.com
rule	6	suffix	mobileads.google.com
rule	6	suffix	mobilemsg.youku.com
rule	6	suffix	mobwithad.com
rule	6	suffix	monitor.music.qq.com
rule	6	suffix	monitor.uu.qq.com
rule	6	suffix	mopub.com
rule	6	suffix	mountain.zhidao.baidu.com
rule	6	suffix	mpush.qq.com
rule	6	suffix	ms.dzen.ru
rule	6	suffix	ms.vk.com
rule	6	suffix	ms.vk.ru
rule	6	suffix	msads.net
rule	6	suffix	msg.video.qiyi.com
rule	6	suffix	msg.youku.com
rule	6	suffix	msg2.video.qiyi.com
rule	6	suffix	mtrace.qq.com
rule	6	suffix	mvad.com
rule	6	suffix	myadx.net
rule	6	suffix	najva.com
rule	6	suffix	nbsdk-baichuan.alicdn.com
rule	6	suffix	nbsdk-baichuan.taobao.com
rule	6	suffix	nelreports.net
rule	6	suffix	neon.click
rule	6	suffix	new-aaid.umeng.com
rule	6	suffix	new-aaid.umeng.com.gds.alibabadns.com
rule	6	suffix	ns1p.net
rule	6	suffix	nsclick.baidu.com
rule	6	suffix	nsclickvideo.baidu.com
rule	6	suffix	oc.umeng.com
rule	6	suffix	oct.pocoiq.cn
rule	6	suffix	ogury.co
rule	6	suffix	ogury.com
rule	6	suffix	onesignal.com
rule	6	suffix	openx.net
rule	6	suffix	openxadexchange.com
rule	6	suffix	openxcdn.net
rule	6	suffix	openxenterprise.com
rule	6	suffix	openxmarket.asia
rule	6	suffix	optaim.com
rule	6	suffix	optimus-ads.amap.com
rule	6	suffix	p-log.ykimg.com
rule	6	suffix	p.aty.sohu.com
rule	6	suffix	p4p.sina.com.cn
rule	6	suffix	pagead.l.google.com
rule	6	suffix	pangolin-dsp-toutiao-b.com
rule	6	suffix	pangolin-dsp-toutiao.com
rule	6	suffix	pangolin-hl.snssdk.com
rule	6	suffix	pangolin-lf.snssdk.com
rule	6	suffix	pangolin-lq.snssdk.com
rule	6	suffix	pangolin-sdk-toutiao-b.com
rule	6	suffix	pangolin-sdk-toutiao.com
rule	6	suffix	pangolin-sdk-toutiao1.com
rule	6	suffix	pangolin.snssdk.com
rule	6	suffix	panplayable-toutiao-b.com
rule	6	suffix	panplayable-toutiao.com
rule	6	suffix	partnerad.l.google.com
rule	6	suffix	passport-log.youku.com
rule	6	suffix	pb.i.sogou.com
rule	6	suffix	pbmp.ali213.net
rule	6	suffix	pgdt.gtimg.cn
rule	6	suffix	pglstatp-sdk-toutiao.com
rule	6	suffix	pglstatp-snssdk-toutiao.com
rule	6	suffix	pglstatp-toutiao-b.com
rule	6	suffix	pglstatp-toutiao.com
rule	6	suffix	pimlog.baidu.com
rule	6	suffix	pingjs.qq.com
rule	6	suffix	pixel.facebook.com
rule	6	suffix	pl.youku.com
rule	6	suffix	plbslog.umeng.com
rule	6	suffix	pmir.3g.qq.com
rule	6	suffix	policy.video.iqiyi.com
rule	6	suffix	pos.baidu.com
rule	6	suffix	presage.io
rule	6	suffix	pubmatic.co.jp
rule	6	suffix	pubmatic.com
rule	6	suffix	push.qq.com
rule	6	suffix	pv.hd.sohu.com
rule	6	suffix	pv.sohu.com
rule	6	suffix	qhupdate.com
rule	6	suffix	qpb.sohu.com
rule	6	suffix	qpb1.sohu.com
rule	6	suffix	qqdata.ab.qq.com
rule	6	suffix	qwapi.com
rule	6	suffix	r.mail.ru
rule	6	suffix	radar.imgsmail.ru
rule	6	suffix	reachmax.cn
rule	6	suffix	realsrv.com
rule	6	suffix	reke.at.sohu.com
rule	6	suffix	relap.mail.ru
rule	6	suffix	report.qqweb.qq.com
rule	6	suffix	report.tencentmusic.com
rule	6	suffix	res.hunantv.com
rule	6	suffix	resolve.umeng.com
rule	6	suffix	retcode.taobao.com
rule	6	suffix	reyun.com
rule	6	suffix	rmonitor.qq.com
rule	6	suffix	rs.sinajs.cn
rule	6	suffix	s-adashx.ut.youku.com
rule	6	suffix	s.360.cn
rule	6	suffix	s.mindbox.ru
rule	6	suffix	s.so.360.cn
rule	6	suffix	s.union.360.cn
rule	6	suffix	s4yxaqyq95.com
rule	6	suffix	sa.sina.cn
rule	6	suffix	sabavision.com
rule	6	suffix	samsungads.com
rule	6	suffix	sbeacon.sina.com.cn
rule	6	suffix	sbermarketing.ru
rule	6	suffix	sclick.baidu.com
rule	6	suffix	sdkclick.mobile.sina.cn
rule	6	suffix	segment.com
rule	6	suffix	segment.io
rule	6	suffix	segmenthub.com
rule	6	suffix	segmentify.com
rule	6	suffix	sensors.umetrip.com.cn
rule	6	suffix	sentry.d.mi.com
rule	6	suffix	sentry.d.xiaomi.net
rule	6	suffix	sentry.music.163.com
rule	6	suffix	serving-sys.com
rule	6	suffix	sf3-ttcdn-tos.pstatp.com
rule	6	suffix	shhs-ydd8x2.yjrmss.cn
rule	6	suffix	shoppingads.cn
rule	6	suffix	shuzilm.cn
rule	6	suffix	sigmob.com
rule	6	suffix	slog.sina.cn
rule	6	suffix	slog.sina.com.cn
rule	6	suffix	snapads.com
rule	6	suffix	sngmta.qq.com
rule	6	suffix	socdm.com
rule	6	suffix	spcode.baidu.com
rule	6	suffix	splash-ads.cdn.unity.cn
rule	6	suffix	splash-ads.unitychina.cn
rule	6	suffix	spotxchange.com
rule	6	suffix	ssacdn.com
rule	6	suffix	ssp.api.tappx.com
rule	6	suffix	stat.chinaso.com
rule	6	suffix	stat.m.jd.com
rule	6	suffix	stat.y.qq.com
rule	6	suffix	stat.youku.com
rule	6	suffix	static.hotjar.com
rule	6	suffix	static.javhd.com
rule	6	suffix	static.sensorsdata.cn
rule	6	suffix	statis.api.3g.youku.com
rule	6	suffix	stats.music.xiaomi.com
rule	6	suffix	supersonic.com
rule	6	suffix	supersonicads-a.akamaihd.net
rule	6	suffix	supersonicads.com
rule	6	suffix	syh.zybang.com
rule	6	suffix	taboola.com
rule	6	suffix	tajs.qq.com
rule	6	suffix	tapsell.ir
rule	6	suffix	target.my.com
rule	6	suffix	target.vk.ru
rule	6	suffix	tcbox.baidu.com
rule	6	suffix	tce.alicdn.com
rule	6	suffix	tcss.qq.com
rule	6	suffix	tdsdk.cpatrk.net
rule	6	suffix	telecome.cn
rule	6	suffix	testads.api.my7v.com
rule	6	suffix	theta.sogoucdn.com
rule	6	suffix	tjqonline.cn
rule	6	suffix	tm-banners.gamingadult.com
rule	6	suffix	tmead.y.qq.com
rule	6	suffix	tmeadcomm.y.qq.com
rule	6	suffix	tns.simba.taobao.com
rule	6	suffix	toboads.com
rule	6	suffix	top-fwz1.mail.ru
rule	6	suffix	tpstelemetry.tencent.com
rule	6	suffix	trace.qq.com
rule	6	suffix	track.lc.quark.cn
rule	6	suffix	track.sohu.com
rule	6	suffix	tracker-api.my.com
rule	6	suffix	tracker.ai.xiaomi.com
rule	6	suffix	tracker.my.com
rule	6	suffix	tracker.xiaomixiaoai.com
rule	6	suffix	tracking.miui.com
rule	6	suffix	trafficfactory.biz
rule	6	suffix	tsyndicate.com
rule	6	suffix	tubemogul.com
rule	6	suffix	uberads.com
rule	6	suffix	ubmcvideo.baidustatic.com
rule	6	suffix	ugdtimg.com
rule	6	suffix	ulogs.umeng.com
rule	6	suffix	ulogs.umengcloud.com
rule	6	suffix	unimhk.com
rule	6	suffix	union.baidu.com
rule	6	suffix	unioncom.cc
rule	6	suffix	unionimage.baidu.com
rule	6	suffix	unityads.unity.cn
rule	6	suffix	unityads.unity3d.com
rule	6	suffix	unityads.unitychina.cn
rule	6	suffix	upapi.net
rule	6	suffix	uranus.sogou.com
rule	6	suffix	urchin.com
rule	6	suffix	utoken.umeng.com
rule	6	suffix	v6-adashx.ut.amap.com
rule	6	suffix	v6-adashx.ut.cainiao.com
rule	6	suffix	v6-adashx.ut.ele.me
rule	6	suffix	v6-adashx.ut.taobao.com
rule	6	suffix	v6-adashx.ut.youku.com
rule	6	suffix	vk-analytics.ru
rule	6	suffix	w.cnzz.com
rule	6	suffix	wangmeng.baidu.com
rule	6	suffix	wapwbclick.mobile.sina.cn
rule	6	suffix	wbclick.mobile.sina.cn
rule	6	suffix	webvisor.com
rule	6	suffix	webvisor.org
rule	6	suffix	wit.qq.com
rule	6	suffix	wkctj.baidu.com
rule	6	suffix	wm.baidu.com
rule	6	suffix	wmbd.gamersky.com
rule	6	suffix	wuliao.epro.sogou.com
rule	6	suffix	wwads.cn
rule	6	suffix	xy-log.tagtic.cn
rule	6	suffix	yabs.yandex.ru
rule	6	suffix	yads.tech
rule	6	suffix	yandex-metrica.ru
rule	6	suffix	yandexmetrica.com
rule	6	suffix	yango-ads.com
rule	6	suffix	yektanet.com
rule	6	suffix	yfanads.cn
rule	6	suffix	yfanads.com
rule	6	suffix	yk-ssp.ad.youku.com
rule	6	suffix	ykad-data.youku.com
rule	6	suffix	ylog.hiido.com
rule	6	suffix	ysm.yahoo.com
rule	6	suffix	z.gds.cnzz.com
rule	6	suffix	zhihu-web-analytics.zhihu.com
rule	6	suffix	zhugeapi.com
rule	6	suffix	zhugeapi.net
rule	6	suffix	zhugeio.com
rule	6	suffix	zxid-api.mobileservice.cn
rule	6	suffix	zxid-m.mobileservice.cn
rule	6	suffix	zz.bdstatic.com
rule	7	full	ads3-normal-hl.zijieapi.com
rule	7	full	ads3-normal.zijieapi.com
rule	7	full	ads5-normal-hl.zijieapi.com
rule	7	full	ads5-normal.zijieapi.com
rule	7	full	apilog-web.acfun.cn
rule	7	full	ctdsb.clouddiffuse.xyz
rule	7	full	izattime.qcomgeo2.com
rule	7	full	log-sdk.gifshow.com
rule	7	full	log3-applog-hl.fqnovel.com
rule	7	full	log3-applog.fqnovel.com
rule	7	full	log5-applog-hl.fqnovel.com
rule	7	full	log5-applog.fqnovel.com
rule	7	full	ntp.aliyun.com
rule	7	full	ntp.tencent.com
rule	7	full	ntp1.aliyun.com
rule	7	full	ntp1.tencent.com
rule	7	full	ntp2.aliyun.com
rule	7	full	ntp2.tencent.com
rule	7	full	ntp3.aliyun.com
rule	7	full	ntp3.tencent.com
rule	7	full	ntp4.aliyun.com
rule	7	full	ntp4.tencent.com
rule	7	full	ntp5.aliyun.com
rule	7	full	ntp5.tencent.com
rule	7	full	ntp6.aliyun.com
rule	7	full	ntp7.aliyun.com
rule	7	full	p3-ad-sign.byteimg.com
rule	7	full	p6-ad-sign.byteimg.com
rule	7	full	p9-ad-sign.byteimg.com
rule	7	full	rtlog3-applog-hl.fqnovel.com
rule	7	full	rtlog3-applog.fqnovel.com
rule	7	full	rtlog5-applog-hl.fqnovel.com
rule	7	full	rtlog5-applog.fqnovel.com
rule	7	full	time.amazonaws.cn
rule	7	full	time.izatcloud.net
rule	7	full	time.xtracloud.net
rule	7	full	wlog.kuaishou.com
rule	7	full	xtratime.qcomgeo2.com
rule	8	regex	.+\.awsdns-cn-[0-9][0-9]\.(biz|com|net|top)$
rule	8	regex	.+\.awsdns-cn-[0-9][a-e0-9]\.cn$
rule	8	regex	^.+-mihayo\.akamaized\.net$
rule	9	suffix	00cdn.com
rule	9	suffix	0123456789.com
rule	9	suffix	0379home.com
rule	9	suffix	055110.com
rule	9	suffix	05sun.com
rule	9	suffix	0759job.com
rule	9	suffix	100.me
rule	9	suffix	10010.com
rule	9	suffix	100bt.com
rule	9	suffix	100offer.com
rule	9	suffix	10155.com
rule	9	suffix	11467.com
rule	9	suffix	114blog.com
rule	9	suffix	114chn.com
rule	9	suffix	114menhu.com
rule	9	suffix	114piaowu.com
rule	9	suffix	114shouji.com
rule	9	suffix	115.com
rule	9	suffix	115cdn.com
rule	9	suffix	115cdn.net
rule	9	suffix	115cloud.com
rule	9	suffix	115cloud.net
rule	9	suffix	115img.com
rule	9	suffix	115meta.com
rule	9	suffix	115vod.com
rule	9	suffix	116cd.com
rule	9	suffix	116cd.net
rule	9	suffix	119you.com
rule	9	suffix	123245.com
rule	9	suffix	123254.com
rule	9	suffix	123294.com
rule	9	suffix	123624.com
rule	9	suffix	123641.com
rule	9	suffix	12365auto.com
rule	9	suffix	123842.com
rule	9	suffix	123860.com
rule	9	suffix	123912.com
rule	9	suffix	123952.com
rule	9	suffix	123957.com
rule	9	suffix	123juzi.com
rule	9	suffix	123juzi.net
rule	9	suffix	123pan.com
rule	9	suffix	123panpay.com
rule	9	suffix	123u.com
rule	9	suffix	126.com
rule	9	suffix	126.link
rule	9	suffix	126.net
rule	9	suffix	127.com
rule	9	suffix	127.net
rule	9	suffix	139.com
rule	9	suffix	13a.com
rule	9	suffix	163.com
rule	9	suffix	1637.com
rule	9	suffix	163cn.tv
rule	9	suffix	163industry.com
rule	9	suffix	163jiasu.com
rule	9	suffix	163mail.com
rule	9	suffix	163qiyukf.com
rule	9	suffix	163yun.com
rule	9	suffix	166.com
rule	9	suffix	166.net
rule	9	suffix	1688.com
rule	9	suffix	16888.com
rule	9	suffix	169ol.com
rule	9	suffix	16rd.com
rule	9	suffix	17173.com
rule	9	suffix	172mix.com
rule	9	suffix	178.com
rule	9	suffix	178linux.com
rule	9	suffix	17989.com
rule	9	suffix	17cdn.com
rule	9	suffix	17house.com
rule	9	suffix	17k.com
rule	9	suffix	17roco.com
rule	9	suffix	17u.net
rule	9	suffix	17usoft.com
rule	9	suffix	17usoft.net
rule	9	suffix	17van.com
rule	9	suffix	17zuoye.com
rule	9	suffix	17zuoye.net
rule	9	suffix	18183.com
rule	9	suffix	188.com
rule	9	suffix	1905.com
rule	9	suffix	19yxw.com
rule	9	suffix	1huizhan.com
rule	9	suffix	1nongjing.com
rule	9	suffix	1ppt.com
rule	9	suffix	1ting.com
rule	9	suffix	1zhe.com
rule	9	suffix	21cn.com
rule	9	suffix	21jingji.com
rule	9	suffix	2265.com
rule	9	suffix	2288.org
rule	9	suffix	2345.com
rule	9	suffix	258.com
rule	9	suffix	25pp.com
rule	9	suffix	263.net
rule	9	suffix	289.com
rule	9	suffix	2cto.com
rule	9	suffix	2dfire.com
rule	9	suffix	3000.com
rule	9	suffix	300hu.com
rule	9	suffix	310win.com
rule	9	suffix	315che.com
rule	9	suffix	315dian.com
rule	9	suffix	321fenx.com
rule	9	suffix	3234.com
rule	9	suffix	32r.com
rule	9	suffix	3304399.com
rule	9	suffix	3304399.net
rule	9	suffix	3322.org
rule	9	suffix	3387.com
rule	9	suffix	33lc.com
rule	9	suffix	3454.com
rule	9	suffix	3456.cc
rule	9	suffix	35.com
rule	9	suffix	3533.com
rule	9	suffix	360-g.net
rule	9	suffix	360-game.net
rule	9	suffix	360-jr.com
rule	9	suffix	360.com
rule	9	suffix	360.net
rule	9	suffix	360aiyi.com
rule	9	suffix	360buy.com
rule	9	suffix	360buyimg.com
rule	9	suffix	360buyinternational.com
rule	9	suffix	360chou.com
rule	9	suffix	360daikuan.com
rule	9	suffix	360doc.com
rule	9	suffix	360huzhubao.com
rule	9	suffix	360jie.com
rule	9	suffix	360jinrong.net
rule	9	suffix	360jq.com
rule	9	suffix	360kan.com
rule	9	suffix	360kuai.com
rule	9	suffix	360os.com
rule	9	suffix	360qhcdn.com
rule	9	suffix	360safe.com
rule	9	suffix	360shouji.com
rule	9	suffix	360so.com
rule	9	suffix	360sou.com
rule	9	suffix	360sou.net
rule	9	suffix	360taojin.com
rule	9	suffix	360top.com
rule	9	suffix	360totalsecurity.com
rule	9	suffix	360tpcdn.com
rule	9	suffix	360tres.com
rule	9	suffix	360webcache.com
rule	9	suffix	360zhyx.com
rule	9	suffix	360zqaq.com
rule	9	suffix	365azw.com
rule	9	suffix	365dmp.com
rule	9	suffix	365yg.com
rule	9	suffix	36dianping.com
rule	9	suffix	36kr.com
rule	9	suffix	36krcdn.com
rule	9	suffix	36krcnd.com
rule	9	suffix	37.com
rule	9	suffix	3733.com
rule	9	suffix	3839.com
rule	9	suffix	3839apk.com
rule	9	suffix	3839app.com
rule	9	suffix	3839app.net
rule	9	suffix	3839img.com
rule	9	suffix	3839pay.com
rule	9	suffix	3839pic.com
rule	9	suffix	3839vc.com
rule	9	suffix	3839video.com
rule	9	suffix	39.net
rule	9	suffix	3conline.com
rule	9	suffix	3d66.com
rule	9	suffix	3dmgame.com
rule	9	suffix	3dmjiasu.com
rule	9	suffix	3elife.net
rule	9	suffix	3h3.com
rule	9	suffix	3songshu.com
rule	9	suffix	3yx.com
rule	9	suffix	40407.com
rule	9	suffix	423down.com
rule	9	suffix	4399.com
rule	9	suffix	4399.net
rule	9	suffix	4399api.com
rule	9	suffix	4399api.net
rule	9	suffix	4399biule.com
rule	9	suffix	4399dmw.com
rule	9	suffix	4399er.com
rule	9	suffix	4399hdhh.com
rule	9	suffix	4399hhh.com
rule	9	suffix	4399inc.com
rule	9	suffix	4399mail.com
rule	9	suffix	4399pk.com
rule	9	suffix	4399sj.com
rule	9	suffix	4399swf.com
rule	9	suffix	4399wanju.com
rule	9	suffix	4399youpai.com
rule	9	suffix	4399youxi.com
rule	9	suffix	4399yyy.com
rule	9	suffix	4paradigm.com
rule	9	suffix	4thworkshop.com
rule	9	suffix	500.com
rule	9	suffix	500d.me
rule	9	suffix	5054399.com
rule	9	suffix	5054399.net
rule	9	suffix	50bang.org
rule	9	suffix	51.com
rule	9	suffix	510you.com
rule	9	suffix	517lppz.com
rule	9	suffix	51ccd.com
rule	9	suffix	51cdn.com
rule	9	suffix	51changxie.com
rule	9	suffix	51credit.com
rule	9	suffix	51cto.com
rule	9	suffix	51dzt.com
rule	9	suffix	51eshop.com
rule	9	suffix	51gaifang.com
rule	9	suffix	51hejia.com
rule	9	suffix	51jingying.com
rule	9	suffix	51job.com
rule	9	suffix	51jobcdn.com
rule	9	suffix	51kim.com
rule	9	suffix	51meishu.com
rule	9	suffix	51nod.com
rule	9	suffix	51selling.com
rule	9	suffix	51sole.com
rule	9	suffix	51togic.com
rule	9	suffix	51wendang.com
rule	9	suffix	51yes.com
rule	9	suffix	51zmt.top
rule	9	suffix	5253.com
rule	9	suffix	52hxw.com
rule	9	suffix	52miji.com
rule	9	suffix	52pk.com
rule	9	suffix	52ppt.com
rule	9	suffix	52z.com
rule	9	suffix	53kf.com
rule	9	suffix	55.com
rule	9	suffix	5566ua.com
rule	9	suffix	5577.com
rule	9	suffix	55bbs.com
rule	9	suffix	56.com
rule	9	suffix	56che.com
rule	9	suffix	56img.com
rule	9	suffix	56laile.com
rule	9	suffix	58.com
rule	9	suffix	5858.com
rule	9	suffix	58antenna.com
rule	9	suffix	58che.com
rule	9	suffix	58corp.com
rule	9	suffix	58dns.org
rule	9	suffix	58ganji-corp.com
rule	9	suffix	58ganji.com
rule	9	suffix	58lovepet.com
rule	9	suffix	58pic.com
rule	9	suffix	58uxd.com
rule	9	suffix	58xinghuo.com
rule	9	suffix	58xueche.com
rule	9	suffix	5bite.com
rule	9	suffix	5fun.com
rule	9	suffix	5gzm.net
rule	9	suffix	5ifund.com
rule	9	suffix	5khouse.com
rule	9	suffix	5read.com
rule	9	suffix	5wyxi.com
rule	9	suffix	5you.com
rule	9	suffix	6-u.com
rule	9	suffix	61.com
rule	9	suffix	6655.com
rule	9	suffix	66wz.com
rule	9	suffix	68h5.com
rule	9	suffix	6rooms.com
rule	9	suffix	71.am
rule	9	suffix	714.com
rule	9	suffix	71acg.com
rule	9	suffix	71acg.net
rule	9	suffix	71edge.com
rule	9	suffix	7230.com
rule	9	suffix	72byte.com
rule	9	suffix	72whys.com
rule	9	suffix	7down.com
rule	9	suffix	7fresh.com
rule	9	suffix	7k7k.com
rule	9	suffix	7moor-fs1.com
rule	9	suffix	7moor.com
rule	9	suffix	7po.com
rule	9	suffix	7x24cc.com
rule	9	suffix	7xdown.com
rule	9	suffix	8008205555.com
rule	9	suffix	800best.com
rule	9	suffix	800best.net
rule	9	suffix	800bestapi.com
rule	9	suffix	800bestapp.com
rule	9	suffix	818ps.com
rule	9	suffix	8264.com
rule	9	suffix	84399.com
rule	9	suffix	8686c.com
rule	9	suffix	885.com
rule	9	suffix	88cdn.com
rule	9	suffix	8btc.com
rule	9	suffix	900.la
rule	9	suffix	900cha.com
rule	9	suffix	91.com
rule	9	suffix	917.com
rule	9	suffix	91changxie.com
rule	9	suffix	91danji.com
rule	9	suffix	91shenfan.com
rule	9	suffix	91yunxiao.com
rule	9	suffix	95015.com
rule	9	suffix	95095.com
rule	9	suffix	95311.com
rule	9	suffix	95504test.com
rule	9	suffix	95508.com
rule	9	suffix	95516.com
rule	9	suffix	95516.net
rule	9	suffix	9553.com
rule	9	suffix	95588.com
rule	9	suffix	962.net
rule	9	suffix	9718.com
rule	9	suffix	97973.com
rule	9	suffix	99166.com
rule	9	suffix	998.com
rule	9	suffix	999d.com
rule	9	suffix	99danji.com
rule	9	suffix	99fund.com
rule	9	suffix	99uri.com
rule	9	suffix	9ht.com
rule	9	suffix	9xgame.com
rule	9	suffix	9xu.com
rule	9	suffix	a-map.co
rule	9	suffix	a-map.link
rule	9	suffix	a-map.vip
rule	9	suffix	a.alimama.cn
rule	9	suffix	a.market.xiaomi.com
rule	9	suffix	a.youdao.com
rule	9	suffix	a2z.org.cn
rule	9	suffix	a9vg.com
rule	9	suffix	aadcloud.com
rule	9	suffix	aaid.umeng.com
rule	9	suffix	aamgame.com
rule	9	suffix	aamgame.mobi
rule	9	suffix	aamgame.net
rule	9	suffix	aamsmart.com
rule	9	suffix	aardio.com
rule	9	suffix	abc-ca.com
rule	9	suffix	abchina.com
rule	9	suffix	abdf002.com
rule	9	suffix	abhouses.com
rule	9	suffix	ac.fun
rule	9	suffix	acadn.com
rule	9	suffix	acctdns.com
rule	9	suffix	acctdns.net
rule	9	suffix	accxiaoheihe.com
rule	9	suffix	acepanel.net
rule	9	suffix	acetaffy.club
rule	9	suffix	acfun.net
rule	9	suffix	acfunchina.com
rule	9	suffix	acfunchina.net
rule	9	suffix	acg.tv
rule	9	suffix	acgvideo.com
rule	9	suffix	acjs.aliyun.com
rule	9	suffix	acloudrender.com
rule	9	suffix	acplay.net
rule	9	suffix	activity-dy.com
rule	9	suffix	activity-wbsj.com
rule	9	suffix	activity-zhendingtech.com
rule	9	suffix	activity01.com
rule	9	suffix	activity02.com
rule	9	suffix	activity03.com
rule	9	suffix	activity04.com
rule	9	suffix	activity05.com
rule	9	suffix	activitybyte.com
rule	9	suffix	acwifi.net
rule	9	suffix	acwing.com
rule	9	suffix	ad.api.3g.youku.com
rule	9	suffix	ad.api.mobile.youku.com
rule	9	suffix	ad.browser.qq.com
rule	9	suffix	ad.cctv.com
rule	9	suffix	ad.intl.xiaomi.com
rule	9	suffix	ad.m.iqiyi.com
rule	9	suffix	ad.mi.com
rule	9	suffix	ad.mobile.youku.com
rule	9	suffix	ad.qq.com
rule	9	suffix	ad.qun.qq.com
rule	9	suffix	ad.sina.com.cn
rule	9	suffix	ad.tencentmusic.com
rule	9	suffix	ad.toutiao.com
rule	9	suffix	ad.us.sinaimg.cn
rule	9	suffix	ad.weixin.qq.com
rule	9	suffix	ad.xiaomi.com
rule	9	suffix	ad1.xiaomi.com
rule	9	suffix	adash-c.m.taobao.com
rule	9	suffix	adash-c.ut.taobao.com
rule	9	suffix	adash-emas.cn-hangzhou.aliyuncs.com
rule	9	suffix	adash.m.taobao.com
rule	9	suffix	adash.man.aliyuncs.com
rule	9	suffix	adashbc.m.taobao.com
rule	9	suffix	adashbc.ut.taobao.com
rule	9	suffix	adashx.m.taobao.com
rule	9	suffix	adashx.ut.amap.com
rule	9	suffix	adashx.ut.ele.me
rule	9	suffix	adashx.ut.youku.com
rule	9	suffix	adashx4ae.ut.taobao.com
rule	9	suffix	adashx4yt.m.taobao.com
rule	9	suffix	adashxgc.ut.taobao.com
rule	9	suffix	adbehavior.ximalaya.com
rule	9	suffix	adbkwai.com
rule	9	suffix	adbox.sina.com.cn
rule	9	suffix	adfilter.imtt.qq.com
rule	9	suffix	adimg.mobile.sina.cn
rule	9	suffix	adimg.uve.weibo.com
rule	9	suffix	adkwai.com
rule	9	suffix	admin5.com
rule	9	suffix	admob.xiaomi.com
rule	9	suffix	admusicpic.music.126.net
rule	9	suffix	adnet.qq.com
rule	9	suffix	adnet.sohu.com
rule	9	suffix	adping.qq.com
rule	9	suffix	adpm.app.qq.com
rule	9	suffix	ads-union.jd.com
rule	9	suffix	ads-uo.api.leiniao.com
rule	9	suffix	ads-ut.api.leiniao.com
rule	9	suffix	ads.api.my7v.com
rule	9	suffix	ads.music.126.net
rule	9	suffix	ads.service.kugou.com
rule	9	suffix	ads.sina.com
rule	9	suffix	ads.sohu.com
rule	9	suffix	ads.uc.cn
rule	9	suffix	ads.union.jd.com
rule	9	suffix	ads.unitychina.cn
rule	9	suffix	adscdn.baidu.com
rule	9	suffix	adsclick.qq.com
rule	9	suffix	adse.wsa.ximalaya.com
rule	9	suffix	adse.ximalaya.com
rule	9	suffix	adserviceretry.kglink.cn
rule	9	suffix	adserviceretry.kugou.com
rule	9	suffix	adsfile.qq.com
rule	9	suffix	adsh.m.taobao.com
rule	9	suffix	adshmmsg.qq.com
rule	9	suffix	adslot.uc.cn
rule	9	suffix	adslvfile.qq.com
rule	9	suffix	adslvseed.qq.com
rule	9	suffix	adsmind.apdcdn.tc.qq.com
rule	9	suffix	adsqqclick.qq.com
rule	9	suffix	adstats.tencentmusic.com
rule	9	suffix	adstestview.qq.com
rule	9	suffix	adsview.qq.com
rule	9	suffix	adsview2.qq.com
rule	9	suffix	adtrack.quark.cn
rule	9	suffix	adukwai.com
rule	9	suffix	adv-sv-show.focus.cn
rule	9	suffix	adv-sv-stat.focus.cn
rule	9	suffix	adv.app.qq.com
rule	9	suffix	adv.sec.intl.miui.com
rule	9	suffix	adv.sec.miui.com
rule	9	suffix	adver.qq.com
rule	9	suffix	adx.xiaodutv.com
rule	9	suffix	adxvip.com
rule	9	suffix	afd.baidu.com
rule	9	suffix	afdconf.baidu.com
rule	9	suffix	afdian.com
rule	9	suffix	afdian.net
rule	9	suffix	afdiancdn.com
rule	9	suffix	afp.iqiyi.com
rule	9	suffix	afzhan.com
rule	9	suffix	agconnect.link
rule	9	suffix	agora.io
rule	9	suffix	agoralab.co
rule	9	suffix	agrantsem.com
rule	9	suffix	ahfda.com
rule	9	suffix	ahitv.com
rule	9	suffix	aicdn.com
rule	9	suffix	aichaoxing.com
rule	9	suffix	aidream.website
rule	9	suffix	aiemy.com
rule	9	suffix	aiganggu.com
rule	9	suffix	aigc-cloud.com
rule	9	suffix	aigodlike.com
rule	9	suffix	aihst8.com
rule	9	suffix	aihuishou.com
rule	9	suffix	aiketour.com
rule	9	suffix	aiops.com
rule	9	suffix	aipage.com
rule	9	suffix	aipai.com
rule	9	suffix	aiqicha.com
rule	9	suffix	airchangan.com
rule	9	suffix	airchinacargo.com
rule	9	suffix	airguilin.com
rule	9	suffix	airstarfinance.net
rule	9	suffix	aisee.tv
rule	9	suffix	aiskycn.com
rule	9	suffix	aispeech.com
rule	9	suffix	aitcfw.com
rule	9	suffix	aitransfy.com
rule	9	suffix	aixcoder.com
rule	9	suffix	aixifan.com
rule	9	suffix	aiyunxiao.com
rule	9	suffix	aizgtc.com
rule	9	suffix	aizhan.com
rule	9	suffix	ajzq.com
rule	9	suffix	aki-game.com
rule	9	suffix	akspeedy.com
rule	9	suffix	aldwx.com
rule	9	suffix	ali-api-test.net
rule	9	suffix	ali-gtm-01.net
rule	9	suffix	ali-gtm-pressure.com
rule	9	suffix	ali-health.com
rule	9	suffix	ali-restore.net
rule	9	suffix	ali213.net
rule	9	suffix	aliapp.org
rule	9	suffix	alibaba
rule	9	suffix	alibaba-inc.com
rule	9	suffix	alibaba.com
rule	9	suffix	alibabacapital.com
rule	9	suffix	alibabachengdun.com
rule	9	suffix	alibabacorp.com
rule	9	suffix	alibabadns.com
rule	9	suffix	alibabadoctor.com
rule	9	suffix	alibabafuturehotel.com
rule	9	suffix	alibabagroup.com
rule	9	suffix	alibabaplanet.com
rule	9	suffix	alibabaued.com
rule	9	suffix	alibabausercontent.com
rule	9	suffix	alicdn.com
rule	9	suffix	alicloudapi.com
rule	9	suffix	alicloudccp.com
rule	9	suffix	alidayu.com
rule	9	suffix	alidns.com
rule	9	suffix	aliexpress-media.com
rule	9	suffix	aliexpress.com
rule	9	suffix	alifanyi.com
rule	9	suffix	aligames.com
rule	9	suffix	aligfwaf.com
rule	9	suffix	aliimg.com
rule	9	suffix	alikmd.com
rule	9	suffix	alikunlun.com
rule	9	suffix	alikunlun.net
rule	9	suffix	alimama.alicdn.com
rule	9	suffix	alimama.com
rule	9	suffix	alimebot.com
rule	9	suffix	alimei.com
rule	9	suffix	alimmdn.com
rule	9	suffix	alipan.com
rule	9	suffix	alipay
rule	9	suffix	alipay.com
rule	9	suffix	alipaydns.com
rule	9	suffix	alipaylog.com
rule	9	suffix	alipayobjects.com
rule	9	suffix	alipayplus.com
rule	9	suffix	aliplus.com
rule	9	suffix	aliresearch.com
rule	9	suffix	alisoft.com
rule	9	suffix	alisports.com
rule	9	suffix	alitianji.com
rule	9	suffix	alitrip.com
rule	9	suffix	alittle-tea.com
rule	9	suffix	alitui.weibo.com
rule	9	suffix	aliunicorn.com
rule	9	suffix	aliway.com
rule	9	suffix	aliwork.com
rule	9	suffix	alixiaomi.com
rule	9	suffix	aliyun-inc.com
rule	9	suffix	aliyun-iot-share.com
rule	9	suffix	aliyun.com
rule	9	suffix	aliyuncdn.com
rule	9	suffix	aliyuncdn.net
rule	9	suffix	aliyundrive.cloud
rule	9	suffix	aliyundrive.com
rule	9	suffix	aliyundrive.net
rule	9	suffix	aliyunfile.com
rule	9	suffix	aliyunpds.com
rule	9	suffix	alizhaopin.com
rule	9	suffix	allawnfs.com
rule	9	suffix	allawno.com
rule	9	suffix	allawntech.com
rule	9	suffix	allhistory.com
rule	9	suffix	alloyteam.com
rule	9	suffix	allyes.com
rule	9	suffix	alog.umeng.com
rule	9	suffix	alog.umengcloud.com
rule	9	suffix	alogs.umeng.com
rule	9	suffix	alogus.umeng.com
rule	9	suffix	alookweb.com
rule	9	suffix	aloys233.top
rule	9	suffix	amap.com
rule	9	suffix	amapauto.com
rule	9	suffix	amazonaws.cn
rule	9	suffix	amazonaws.com.cn
rule	9	suffix	amazonwebservices.com.cn
rule	9	suffix	amazonworkdocs.cn
rule	9	suffix	amazonworkdocs.com.cn
rule	9	suffix	amemv.com
rule	9	suffix	amemv.net
rule	9	suffix	amzndns-cn.biz
rule	9	suffix	amzndns-cn.cn
rule	9	suffix	amzndns-cn.com
rule	9	suffix	amzndns-cn.net
rule	9	suffix	analog.com
rule	9	suffix	analytics.163.com
rule	9	suffix	anav.com
rule	9	suffix	andfx.net
rule	9	suffix	anfensi.com
rule	9	suffix	anhuinews.com
rule	9	suffix	anhuiyun.com
rule	9	suffix	animetamashi.com
rule	9	suffix	anitama.net
rule	9	suffix	anjuke.com
rule	9	suffix	anjukestatic.com
rule	9	suffix	anlaiye.com
rule	9	suffix	anmo.com
rule	9	suffix	anquan.org
rule	9	suffix	anquanke.com
rule	9	suffix	anruan.com
rule	9	suffix	antfin.com
rule	9	suffix	antfortune.com
rule	9	suffix	antgroup.com
rule	9	suffix	anticheatexpert.com
rule	9	suffix	antpcdn.com
rule	9	suffix	antutu.com
rule	9	suffix	antutu.net
rule	9	suffix	anxia.com
rule	9	suffix	anycross.com
rule	9	suffix	anytocopy.com
rule	9	suffix	anywlan.com
rule	9	suffix	aotrip.net
rule	9	suffix	aoyou.com
rule	9	suffix	apaas-zone-test.com
rule	9	suffix	apabi.com
rule	9	suffix	apcdns.net
rule	9	suffix	apdcdn.com
rule	9	suffix	apdcdn.net
rule	9	suffix	api-building.fun
rule	9	suffix	apidns.kwd.inkuai.com
rule	9	suffix	apifox.com
rule	9	suffix	apigwtencent.com
rule	9	suffix	apimkt.net
rule	9	suffix	apipost.net
rule	9	suffix	apk3.com
rule	9	suffix	apk8.com
rule	9	suffix	aplaybox.com
rule	9	suffix	apollo.auto
rule	9	suffix	appchina.com
rule	9	suffix	appeeres.com
rule	9	suffix	appinn.com
rule	9	suffix	appjiagu.com
rule	9	suffix	apple.www.letv.com
rule	9	suffix	applysquare.com
rule	9	suffix	applysquare.net
rule	9	suffix	appsimg.com
rule	9	suffix	appvipshop.com
rule	9	suffix	ar.umeng.com
rule	9	suffix	arco.design
rule	9	suffix	ark.letv.com
rule	9	suffix	arpun.com
rule	9	suffix	asczwa.com
rule	9	suffix	asczxcefsv.com
rule	9	suffix	asfiovnxocqpcry.com.cn
rule	9	suffix	askdiandian.com
rule	9	suffix	asklib.com
rule	9	suffix	asklink.com
rule	9	suffix	asktug.com
rule	9	suffix	aspect-upush.umeng.com
rule	9	suffix	assp.sohu.com
rule	9	suffix	astral-vector.com
rule	9	suffix	atanx.alicdn.com
rule	9	suffix	atanx2.alicdn.com
rule	9	suffix	atatech.org
rule	9	suffix	atm.youku.com
rule	9	suffix	audid.umeng.com
rule	9	suffix	autohome.com
rule	9	suffix	autohome.tel
rule	9	suffix	autonavi.com
rule	9	suffix	avicsec.com
rule	9	suffix	avlyun.com
rule	9	suffix	awemeughun.com
rule	9	suffix	awemeuglang.com
rule	9	suffix	awemeugsoul.com
rule	9	suffix	awemeugwave.com
rule	9	suffix	aws-border.cn
rule	9	suffix	aws-icp-domain-manager.cn
rule	9	suffix	awsapps.cn
rule	9	suffix	awsapps.com.cn
rule	9	suffix	awsstatic.cn
rule	9	suffix	awstme.top
rule	9	suffix	b23.tv
rule	9	suffix	b2bgo.com
rule	9	suffix	b2byao.com
rule	9	suffix	b3log.org
rule	9	suffix	b3logfile.com
rule	9	suffix	babytree.com
rule	9	suffix	babytreeimg.com
rule	9	suffix	badjs.weixinbridge.com
rule	9	suffix	badou.com
rule	9	suffix	baichuan-ai.com
rule	9	suffix	baichuan-sdk.alicdn.com
rule	9	suffix	baicizhan.com
rule	9	suffix	baicizhan.org
rule	9	suffix	baidu
rule	9	suffix	baidu-cdn.com
rule	9	suffix	baidu-cdn.net
rule	9	suffix	baidu.com
rule	9	suffix	baiduapp.com
rule	9	suffix	baidubce.com
rule	9	suffix	baidubcr.com
rule	9	suffix	baiducontent.com
rule	9	suffix	baidufree.com
rule	9	suffix	baidupan.com
rule	9	suffix	baidupcs.com
rule	9	suffix	baidustatic.com
rule	9	suffix	baiduyuncdn.com
rule	9	suffix	baiduyuncdn.net
rule	9	suffix	baifae.com
rule	9	suffix	baifen.music.baidu.com
rule	9	suffix	baifendian.com
rule	9	suffix	baifubao.com
rule	9	suffix	baihe.com
rule	9	suffix	baijiayun.com
rule	9	suffix	baike.com
rule	9	suffix	baikevod.com
rule	9	suffix	baimiao.tech
rule	9	suffix	baimiaoapp.com
rule	9	suffix	baishinetwork.com
rule	9	suffix	baitiao.com
rule	9	suffix	baixing.com
rule	9	suffix	baixing.net
rule	9	suffix	baltamatica.com
rule	9	suffix	baltamatica.net
rule	9	suffix	bambulab.com
rule	9	suffix	bamenzhushou.com
rule	9	suffix	bangongziyuan.com
rule	9	suffix	bank-of-china.com
rule	9	suffix	bankcomm.com
rule	9	suffix	bankofchina.com
rule	9	suffix	banmaaike.com
rule	9	suffix	banxiaoer.com
rule	9	suffix	banxiaoer.net
rule	9	suffix	baofeng.com
rule	9	suffix	baofeng.net
rule	9	suffix	baomitu.com
rule	9	suffix	baoxianshichang.com
rule	9	suffix	baseopendev.com
rule	9	suffix	batchat.com
rule	9	suffix	battlecare.net
rule	9	suffix	baydn.com
rule	9	suffix	bazai.com
rule	9	suffix	bbbcdns.com
rule	9	suffix	bblmw.com
rule	9	suffix	bce-cdn.com
rule	9	suffix	bce-cdn.net
rule	9	suffix	bcebos.com
rule	9	suffix	bcelive.com
rule	9	suffix	bcfmglobal.com
rule	9	suffix	bcvbw.com
rule	9	suffix	bczcdn.com
rule	9	suffix	bdactivity.com
rule	9	suffix	bdcat.top
rule	9	suffix	bdcloudapi.com
rule	9	suffix	bdegnine.com
rule	9	suffix	bdgslb.com
rule	9	suffix	bdimg.com
rule	9	suffix	bdispatch.com
rule	9	suffix	bdispatch.net
rule	9	suffix	bdmozon.com
rule	9	suffix	bdmyandex.com
rule	9	suffix	bdns-api-test.net
rule	9	suffix	bdns-boe.com
rule	9	suffix	bdns-boe.net
rule	9	suffix	bdns-gtm-01.net
rule	9	suffix	bdns-gtm-pressure.com
rule	9	suffix	bdns-restore.net
rule	9	suffix	bdns-test.com
rule	9	suffix	bdns-test.net
rule	9	suffix	bdppe.net
rule	9	suffix	bds.snssdk.com
rule	9	suffix	bdsagslb.com
rule	9	suffix	bdsagslbtest.com
rule	9	suffix	bdstatic.com
rule	9	suffix	bdtjrcv.com
rule	9	suffix	bdu.focus.cn
rule	9	suffix	bdurl.net
rule	9	suffix	bdxiguaimg.com
rule	9	suffix	bdxigualive.com
rule	9	suffix	bdxiguastatic.com
rule	9	suffix	bdxiguavod.com
rule	9	suffix	bdycdn.net
rule	9	suffix	bdydns.com
rule	9	suffix	bdydns.net
rule	9	suffix	bdzjdsagslb.com
rule	9	suffix	beacon.cdn.qq.com
rule	9	suffix	beacon.qq.com
rule	9	suffix	beacon.sina.com.cn
rule	9	suffix	beaconcdn.qq.com
rule	9	suffix	bearychat.com
rule	9	suffix	beckyroom.com
rule	9	suffix	beihaidc.com
rule	9	suffix	beijing-lipin.com
rule	9	suffix	beisen.com
rule	9	suffix	beisenapp.com
rule	9	suffix	beisencloud.com
rule	9	suffix	beisenpaas.com
rule	9	suffix	bemanicn.com
rule	9	suffix	bendibao.com
rule	9	suffix	benfuip.com
rule	9	suffix	bengbeng.com
rule	9	suffix	benghuai.com
rule	9	suffix	benmi.com
rule	9	suffix	berui.com
rule	9	suffix	best-inc.com
rule	9	suffix	bestcrossborder.com
rule	9	suffix	bestdataclub.com
rule	9	suffix	bestincapi.com
rule	9	suffix	bestincapp.com
rule	9	suffix	bestopview.com
rule	9	suffix	bestrhy.com
rule	9	suffix	bestvcdn.com
rule	9	suffix	bestvcdn.net
rule	9	suffix	betaband.net
rule	9	suffix	betadance.net
rule	9	suffix	bfcdnbf.com
rule	9	suffix	bfcdnrd.com
rule	9	suffix	bfcdnsc.com
rule	9	suffix	bgwxc.com
rule	9	suffix	bh3.com
rule	9	suffix	bhsr.com
rule	9	suffix	biancheng.net
rule	9	suffix	bianews.com
rule	9	suffix	bibaodao.com
rule	9	suffix	bidchance.com
rule	9	suffix	biddingx.com
rule	9	suffix	bihu.com
rule	9	suffix	biji.com
rule	9	suffix	biliapi.com
rule	9	suffix	biliapi.net
rule	9	suffix	bilibili.cc
rule	9	suffix	bilibili.com
rule	9	suffix	bilibili.net
rule	9	suffix	bilibiligame.co
rule	9	suffix	bilibiligame.net
rule	9	suffix	bilibilipay.com
rule	9	suffix	bilicdn1.com
rule	9	suffix	bilicdn2.com
rule	9	suffix	bilicdn3.com
rule	9	suffix	bilicdn4.com
rule	9	suffix	bilicdn5.com
rule	9	suffix	bilicomic.com
rule	9	suffix	bilicomics.com
rule	9	suffix	biligame.co
rule	9	suffix	biligame.com
rule	9	suffix	biligame.net
rule	9	suffix	biligo.com
rule	9	suffix	biliimg.com
rule	9	suffix	bilivideo.com
rule	9	suffix	bilivideo.net
rule	9	suffix	binglianhuajianzhan.com
rule	9	suffix	bio-equip.com
rule	9	suffix	bio360.net
rule	9	suffix	bio4p.com
rule	9	suffix	biodiscover.com
rule	9	suffix	bishijie.com
rule	9	suffix	bitauto.com
rule	9	suffix	bitautoimg.com
rule	9	suffix	bitecoin.com
rule	9	suffix	biubiu001.com
rule	9	suffix	biyehome.net
rule	9	suffix	biz.weibo.com
rule	9	suffix	bjcathay.com
rule	9	suffix	bjinfobank.com
rule	9	suffix	bjyouth.net
rule	9	suffix	bkapigw.com
rule	9	suffix	bkapps.com
rule	9	suffix	bkclouds.cc
rule	9	suffix	bktencent.com
rule	9	suffix	blackdragon.com
rule	9	suffix	blmpb.com
rule	9	suffix	blogjava.net
rule	9	suffix	bluepoch.com
rule	9	suffix	blurdev.com
rule	9	suffix	blyun.com
rule	9	suffix	bobbns.com
rule	9	suffix	bobo.com
rule	9	suffix	bocamchina.com
rule	9	suffix	bocaviation.com
rule	9	suffix	boccfc.cc
rule	9	suffix	bocfullertonbank.com
rule	9	suffix	bocgi.com
rule	9	suffix	bocgins.com
rule	9	suffix	bochaai.com
rule	9	suffix	bocichina.com
rule	9	suffix	bocifunds.com
rule	9	suffix	bocigroup.com
rule	9	suffix	bocim.com
rule	9	suffix	boe.com
rule	9	suffix	bohejiasuqi.com
rule	9	suffix	bojianger.com
rule	9	suffix	bokecc.com
rule	9	suffix	boohee.com
rule	9	suffix	book118.com
rule	9	suffix	boosj.com
rule	9	suffix	bootcdn.net
rule	9	suffix	bootcss.com
rule	9	suffix	bosera.com
rule	9	suffix	bosszhipin.com
rule	9	suffix	bouffalolab.com
rule	9	suffix	boxdouyin.com
rule	9	suffix	bplslb.com
rule	9	suffix	bpltm.com
rule	9	suffix	bsbsb.top
rule	9	suffix	bsurl.cc
rule	9	suffix	btgtravel.com
rule	9	suffix	bthhotels.com
rule	9	suffix	btime.com
rule	9	suffix	btrace.qq.com
rule	9	suffix	bugly.qq.com
rule	9	suffix	build9s.io
rule	9	suffix	building.fun
rule	9	suffix	buke999.com
rule	9	suffix	burningvocabulary.com
rule	9	suffix	bvfcdn.com
rule	9	suffix	bx0byte.com
rule	9	suffix	bx1k.com
rule	9	suffix	byd.com
rule	9	suffix	byodonline.com
rule	9	suffix	bystack.com
rule	9	suffix	byte-dns.com
rule	9	suffix	byte-dns.net
rule	9	suffix	byte-edge.com
rule	9	suffix	byte-edgeworker.com
rule	9	suffix	byte-gslb.com
rule	9	suffix	byte-test.com
rule	9	suffix	byte-test.net
rule	9	suffix	byte00.com
rule	9	suffix	byte00.net
rule	9	suffix	byte000.com
rule	9	suffix	byte008.com
rule	9	suffix	byte7bw.net
rule	9	suffix	byteac.com
rule	9	suffix	byteacct.com
rule	9	suffix	byteacctimg.com
rule	9	suffix	byteactivity.com
rule	9	suffix	byteactivity11.com
rule	9	suffix	byteactivity12.com
rule	9	suffix	byteactivity13.com
rule	9	suffix	byteactivity14.com
rule	9	suffix	byteactivity15.com
rule	9	suffix	byteactivity16.com
rule	9	suffix	byteadverts.com
rule	9	suffix	byteapi.com
rule	9	suffix	bytecdn.com
rule	9	suffix	bytecdn.net
rule	9	suffix	bytecdntp.com
rule	9	suffix	bytecimg.com
rule	9	suffix	bytecloud.com
rule	9	suffix	byted-dast.com
rule	9	suffix	byted-edu.com
rule	9	suffix	byted-static.com
rule	9	suffix	byted-ug.com
rule	9	suffix	byted.org
rule	9	suffix	bytedance-boe.net
rule	9	suffix	bytedance.com
rule	9	suffix	bytedance.net
rule	9	suffix	bytedance.org
rule	9	suffix	bytedanceapi.com
rule	9	suffix	bytedancehermestest.com
rule	9	suffix	bytedcdn.com
rule	9	suffix	bytedeliver.com
rule	9	suffix	bytedgames.com
rule	9	suffix	bytedns.com
rule	9	suffix	bytedns.net
rule	9	suffix	bytedns1.com
rule	9	suffix	bytedns2.com
rule	9	suffix	bytedns3.com
rule	9	suffix	bytedns4.com
rule	9	suffix	bytedns5.com
rule	9	suffix	bytedns6.com
rule	9	suffix	bytedns7.com
rule	9	suffix	bytednsdoc.com
rule	9	suffix	bytedsocial.com
rule	9	suffix	bytefae.com
rule	9	suffix	bytefast.net
rule	9	suffix	bytefcdn.com
rule	9	suffix	bytefcdnrd.com
rule	9	suffix	bytegecko.com
rule	9	suffix	bytegeckoext.com
rule	9	suffix	bytegoofy.com
rule	9	suffix	bytegqpo.net
rule	9	suffix	bytegrowth.com
rule	9	suffix	bytegslb.com
rule	9	suffix	bytehwm.com
rule	9	suffix	byteics.com
rule	9	suffix	byteics.net
rule	9	suffix	byteimg.com
rule	9	suffix	byteimgc.com
rule	9	suffix	byteinspire.com
rule	9	suffix	byteintl.net
rule	9	suffix	bytelb.com
rule	9	suffix	bytelb.net
rule	9	suffix	bytelb000.net
rule	9	suffix	bytemaimg.com
rule	9	suffix	bytemastatic.com
rule	9	suffix	bytemedi.com
rule	9	suffix	bytenewst.com
rule	9	suffix	byteoc.com
rule	9	suffix	byteorg.com
rule	9	suffix	byteorge.com
rule	9	suffix	byteq5k.com
rule	9	suffix	byteq8u.net
rule	9	suffix	bytescm.com
rule	9	suffix	bytesslb.net
rule	9	suffix	bytetcc.com
rule	9	suffix	bytetech.info
rule	9	suffix	bytetos.com
rule	9	suffix	bytetraffic.net
rule	9	suffix	bytetstatic.com
rule	9	suffix	bytetstatic.net
rule	9	suffix	bytevalk.com
rule	9	suffix	bytevcloudapi.com
rule	9	suffix	bytevcloudvod.com
rule	9	suffix	bytevdn-boe.com
rule	9	suffix	bytevdn.com
rule	9	suffix	bytewebservice.com
rule	9	suffix	bytexns.com
rule	9	suffix	bytexns.net
rule	9	suffix	bytexopen.com
rule	9	suffix	bytexservice.com
rule	9	suffix	bzclk.baidu.com
rule	9	suffix	c-adash.m.taobao.com
rule	9	suffix	c-ctrip.com
rule	9	suffix	c-nfa.jd.com
rule	9	suffix	c-t.work
rule	9	suffix	c.sayhi.360.cn
rule	9	suffix	c.uaa.iqiyi.com
rule	9	suffix	cabbagebox.com
rule	9	suffix	cache4ever.com
rule	9	suffix	cache666.com
rule	9	suffix	caijingwu.com
rule	9	suffix	cailianpress.com
rule	9	suffix	cainiao-inc.com
rule	9	suffix	cainiao.com
rule	9	suffix	cainiaoyizhan.com
rule	9	suffix	caixin.com
rule	9	suffix	caiyu.com
rule	9	suffix	caiyun.com
rule	9	suffix	caiyunai.com
rule	9	suffix	caiyunapp.com
rule	9	suffix	calorietech.com
rule	9	suffix	camcard.com
rule	9	suffix	camscanner.com
rule	9	suffix	cang.com
rule	9	suffix	cankaoxiaoxi.com
rule	9	suffix	capitalonline.net
rule	9	suffix	cardbaobao.com
rule	9	suffix	carnoc.com
rule	9	suffix	cb.baidu.com
rule	9	suffix	cbjq.com
rule	9	suffix	cbjs.baidu.com
rule	9	suffix	ccb.com
rule	9	suffix	ccbcos.com
rule	9	suffix	ccbfund.com
rule	9	suffix	ccbfutures.com
rule	9	suffix	ccbleasing.com
rule	9	suffix	ccbxt.com
rule	9	suffix	ccnew.com
rule	9	suffix	ccrgt.com
rule	9	suffix	ccs.umeng.com
rule	9	suffix	cctalk.com
rule	9	suffix	cctv.com
rule	9	suffix	cctvpic.com
rule	9	suffix	cczq.com
rule	9	suffix	cczq.net
rule	9	suffix	cd120.com
rule	9	suffix	cdkeynogap.com
rule	9	suffix	cdn20.com
rule	9	suffix	cdn30.org
rule	9	suffix	cdnbuild.com
rule	9	suffix	cdnbuild.net
rule	9	suffix	cdncl.net
rule	9	suffix	cdndns1.com
rule	9	suffix	cdndns2.com
rule	9	suffix	cdndo.com
rule	9	suffix	cdndoctor.com
rule	9	suffix	cdngot.com
rule	9	suffix	cdngslb.com
rule	9	suffix	cdnhwc1.com
rule	9	suffix	cdnhwc10.com
rule	9	suffix	cdnhwc2.com
rule	9	suffix	cdnhwc3.com
rule	9	suffix	cdnhwc4.com
rule	9	suffix	cdnhwc5.com
rule	9	suffix	cdnhwc6.com
rule	9	suffix	cdnhwc7.com
rule	9	suffix	cdnhwc8.com
rule	9	suffix	cdnhwc9.com
rule	9	suffix	cdnhwcajk17.com
rule	9	suffix	cdnhwcatq08.com
rule	9	suffix	cdnhwcbni108.com
rule	9	suffix	cdnhwcbqs106.com
rule	9	suffix	cdnhwcbzj102.com
rule	9	suffix	cdnhwcchh18.com
rule	9	suffix	cdnhwccmz121.com
rule	9	suffix	cdnhwcead111.com
rule	9	suffix	cdnhwcedi10.com
rule	9	suffix	cdnhwcedt124.com
rule	9	suffix	cdnhwcggk22.com
rule	9	suffix	cdnhwcgnc118.com
rule	9	suffix	cdnhwcgqa21.com
rule	9	suffix	cdnhwchcg02.com
rule	9	suffix	cdnhwcibv122.com
rule	9	suffix	cdnhwcick110.com
rule	9	suffix	cdnhwcjlg112.com
rule	9	suffix	cdnhwcjog12.com
rule	9	suffix	cdnhwcjsb120.com
rule	9	suffix	cdnhwckfz116.com
rule	9	suffix	cdnhwckon103.com
rule	9	suffix	cdnhwcljk104.com
rule	9	suffix	cdnhwcllh11.com
rule	9	suffix	cdnhwclxu105.com
rule	9	suffix	cdnhwclxw05.com
rule	9	suffix	cdnhwcoem01.com
rule	9	suffix	cdnhwcohm19.com
rule	9	suffix	cdnhwcoph123.com
rule	9	suffix	cdnhwcprh113.com
rule	9	suffix	cdnhwcpsd13.com
rule	9	suffix	cdnhwcqgw115.com
rule	9	suffix	cdnhwcqir15.com
rule	9	suffix	cdnhwcqve117.com
rule	9	suffix	cdnhwcqwg14.com
rule	9	suffix	cdnhwctnm107.com
rule	9	suffix	cdnhwctxz24.com
rule	9	suffix	cdnhwcuim119.com
rule	9	suffix	cdnhwcupf06.com
rule	9	suffix	cdnhwcurq03.com
rule	9	suffix	cdnhwcvix16.com
rule	9	suffix	cdnhwcxcy07.com
rule	9	suffix	cdnhwczba04.com
rule	9	suffix	cdnhwczjt20.com
rule	9	suffix	cdnhwczks109.com
rule	9	suffix	cdnhwczmn114.com
rule	9	suffix	cdnhwczth23.com
rule	9	suffix	cdnhwcztu09.com
rule	9	suffix	cdnhwczxh101.com
rule	9	suffix	cdnmg.com
rule	9	suffix	cdntip.com
rule	9	suffix	cdntips.com
rule	9	suffix	cdntips.net
rule	9	suffix	ceair.com
rule	9	suffix	cebbank.com
rule	9	suffix	ceblease.com
rule	9	suffix	cecdc.com
rule	9	suffix	cecport.com
rule	9	suffix	centanet.com
rule	9	suffix	centuryenglish.com
rule	9	suffix	cerambath.org
rule	9	suffix	cf-china.info
rule	9	suffix	cf-ns.com
rule	9	suffix	cf-ns.net
rule	9	suffix	cf-ns.site
rule	9	suffix	cf-ns.tech
rule	9	suffix	cfc108.com
rule	9	suffix	cftest5.cn
rule	9	suffix	cftest6.cn
rule	9	suffix	cftest7.com
rule	9	suffix	cftest8.com
rule	9	suffix	cftsupport.com
rule	9	suffix	cfund108.com
rule	9	suffix	cfzq.com
rule	9	suffix	cgames.com
rule	9	suffix	cgws.com
rule	9	suffix	ch.com
rule	9	suffix	chachaba.com
rule	9	suffix	chaindd.com
rule	9	suffix	chainedbox.com
rule	9	suffix	chainnode.com
rule	9	suffix	changanfunds.com
rule	9	suffix	changba.com
rule	9	suffix	changdunovel.com
rule	9	suffix	changxie.com
rule	9	suffix	changyan.com
rule	9	suffix	chaojituzi.net
rule	9	suffix	chaoxing.cc
rule	9	suffix	chaoxing.com
rule	9	suffix	chaoxingv.com
rule	9	suffix	chashebao.com
rule	9	suffix	chat.top
rule	9	suffix	chaz.fun
rule	9	suffix	chazhengla.com
rule	9	suffix	chazidian.com
rule	9	suffix	chaziyu.com
rule	9	suffix	che168.com
rule	9	suffix	checkzeit.com
rule	9	suffix	chememall.com
rule	9	suffix	cheng.xin
rule	9	suffix	chesicc.com
rule	9	suffix	chesicc.net
rule	9	suffix	chessease.net
rule	9	suffix	cheyisou.com
rule	9	suffix	china-chair.com
rule	9	suffix	china-nengyuan.com
rule	9	suffix	china-sss.com
rule	9	suffix	china-tower.com
rule	9	suffix	china.com
rule	9	suffix	chinaaet.com
rule	9	suffix	chinaamc.com
rule	9	suffix	chinabooktrading.com
rule	9	suffix	chinacache.com
rule	9	suffix	chinacache.net
rule	9	suffix	chinachugui.com
rule	9	suffix	chinadongchu.com
rule	9	suffix	chinadsl.net
rule	9	suffix	chinaexpressair.com
rule	9	suffix	chinafph.com
rule	9	suffix	chinahr.com
rule	9	suffix	chinakaoyan.com
rule	9	suffix	chinalawedu.com
rule	9	suffix	chinalions.com
rule	9	suffix	chinalive.com
rule	9	suffix	chinamobile.com
rule	9	suffix	chinamobileltd.com
rule	9	suffix	chinanetcenter.com
rule	9	suffix	chinanews.com
rule	9	suffix	chinaott.com
rule	9	suffix	chinapay.com
rule	9	suffix	chinapp.net
rule	9	suffix	chinapubmed.net
rule	9	suffix	chinaso.com
rule	9	suffix	chinasspp.com
rule	9	suffix	chinatelecom-h.com
rule	9	suffix	chinatranslation.net
rule	9	suffix	chinaunicom.com
rule	9	suffix	chinaunionpay.com
rule	9	suffix	chinaunionpay.net
rule	9	suffix	chinaunix.net
rule	9	suffix	chinauos.com
rule	9	suffix	chinaweiyu.com
rule	9	suffix	chinawutong.com
rule	9	suffix	chinaz.com
rule	9	suffix	chinaz.net
rule	9	suffix	chinazns.com
rule	9	suffix	chinesemooc.org
rule	9	suffix	chiphell.com
rule	9	suffix	chndoi.org
rule	9	suffix	chntel.com
rule	9	suffix	chongbuluo.com
rule	9	suffix	chongdiantou.com
rule	9	suffix	chouti.com
rule	9	suffix	chrstatic.com
rule	9	suffix	chuangcache.com
rule	9	suffix	chuangcdn.com
rule	9	suffix	chuangxin.com
rule	9	suffix	chuanke.com
rule	9	suffix	chuansong.me
rule	9	suffix	chuansongme.com
rule	9	suffix	chuapp.com
rule	9	suffix	chugou360.com
rule	9	suffix	chuimg.com
rule	9	suffix	chujingapp.com
rule	9	suffix	chushi.cool
rule	9	suffix	chushou.tv
rule	9	suffix	chuyu.me
rule	9	suffix	cibntv.net
rule	9	suffix	cicc.com
rule	9	suffix	ciccwm.com
rule	9	suffix	cignacmb-ipmi.com
rule	9	suffix	cignacmb.com
rule	9	suffix	cignacmbamc.com
rule	9	suffix	cindasc.com
rule	9	suffix	citic
rule	9	suffix	citicbank.com
rule	9	suffix	citiccapital.com
rule	9	suffix	citiciam.com
rule	9	suffix	citicifh.com
rule	9	suffix	citicsf.com
rule	9	suffix	city8.com
rule	9	suffix	ciweimao.com
rule	9	suffix	cjjd19.com
rule	9	suffix	cjol.com
rule	9	suffix	cjsc.com
rule	9	suffix	ckd.im
rule	9	suffix	ckxx.net
rule	9	suffix	clawhub-mirror.com
rule	9	suffix	cleargrass.com
rule	9	suffix	click.gamersky.com
rule	9	suffix	click.hunantv.com
rule	9	suffix	click.uve.mobile.sina.cn
rule	9	suffix	click.uve.weibo.com
rule	9	suffix	clk1.top
rule	9	suffix	cloud-beijing.com
rule	9	suffix	cloud-hebi.com
rule	9	suffix	cloud-industry-delivery.site
rule	9	suffix	cloud-ningbo.com
rule	9	suffix	cloud-ordos.com
rule	9	suffix	cloud-shenzhen.com
rule	9	suffix	cloud-shiyan.com
rule	9	suffix	cloud-wuhan.com
rule	9	suffix	cloud-xian.com
rule	9	suffix	cloud-xm.com
rule	9	suffix	cloud-zhaoqing.com
rule	9	suffix	cloud-zhongwei.com
rule	9	suffix	cloudanqing.com
rule	9	suffix	cloudbaoshan.com
rule	9	suffix	cloudbase.net
rule	9	suffix	cloudbeibei.com
rule	9	suffix	cloudbinzhou.com
rule	9	suffix	cloudchangde.com
rule	9	suffix	cloudchangsha.com
rule	9	suffix	cloudchangzhou.com
rule	9	suffix	cloudchaozhou.com
rule	9	suffix	cloudchengde.com
rule	9	suffix	cloudchengdu.com
rule	9	suffix	cloudchuzhou.com
rule	9	suffix	cloudczs.com
rule	9	suffix	clouddalian.com
rule	9	suffix	clouddatong.com
rule	9	suffix	clouddn.com
rule	9	suffix	clouddongying.com
rule	9	suffix	cloudflare-cn.com
rule	9	suffix	cloudflareanycast.net
rule	9	suffix	cloudflarechina.cn
rule	9	suffix	cloudflarecn.net
rule	9	suffix	cloudflareglobal.net
rule	9	suffix	cloudflareinsights-cn.com
rule	9	suffix	cloudflareperf.com
rule	9	suffix	cloudflareprod.com
rule	9	suffix	cloudflarestaging.com
rule	9	suffix	cloudflarestoragegw.com
rule	9	suffix	cloudfoshan.com
rule	9	suffix	cloudfront-cn.net
rule	9	suffix	cloudfront-test.cn
rule	9	suffix	cloudfront.cn
rule	9	suffix	cloudfuqing.com
rule	9	suffix	cloudganzhou.com
rule	9	suffix	cloudguangzhou.com
rule	9	suffix	cloudhaidong.com
rule	9	suffix	cloudhefei.com
rule	9	suffix	cloudhengshui.com
rule	9	suffix	cloudhuaihua.com
rule	9	suffix	cloudhuizhou.com
rule	9	suffix	cloudidaas.com
rule	9	suffix	cloudjinan.com
rule	9	suffix	cloudjinchang.com
rule	9	suffix	cloudjingzhou.com
rule	9	suffix	cloudjining.com
rule	9	suffix	cloudjiujiang.com
rule	9	suffix	cloudkunming.com
rule	9	suffix	cloudleshan.com
rule	9	suffix	cloudlijiang.com
rule	9	suffix	cloudlishui.com
rule	9	suffix	cloudluohe.com
rule	9	suffix	cloudluoyang.com
rule	9	suffix	cloudmeishan.com
rule	9	suffix	cloudnanan.com
rule	9	suffix	cloudnanjing.com
rule	9	suffix	cloudnanning.com
rule	9	suffix	cloudnantong.com
rule	9	suffix	cloudpush.iqiyi.com
rule	9	suffix	cloudquanzhou.com
rule	9	suffix	cloudsanya.com
rule	9	suffix	cloudshanghai.com
rule	9	suffix	cloudshaoyang.com
rule	9	suffix	cloudshenfuxingqu.com
rule	9	suffix	cloudsiping.com
rule	9	suffix	cloudsite.vip
rule	9	suffix	cloudsuqian.com
rule	9	suffix	cloudtangshan.com
rule	9	suffix	cloudtianjin.com
rule	9	suffix	cloudtongchuan.com
rule	9	suffix	cloudtongliang.com
rule	9	suffix	cloudweinan.com
rule	9	suffix	cloudxiangtan.com
rule	9	suffix	cloudxianyou.com
rule	9	suffix	cloudxining.com
rule	9	suffix	cloudxns.com
rule	9	suffix	cloudyanan.com
rule	9	suffix	cloudyancheng.com
rule	9	suffix	cloudyantai.com
rule	9	suffix	cloudyinchuan.com
rule	9	suffix	cloudyueyang.com
rule	9	suffix	cloudyuncheng.com
rule	9	suffix	cloudyuxi.com
rule	9	suffix	cloudzhongshan.com
rule	9	suffix	cloudzhuhai.com
rule	9	suffix	clsa.com
rule	9	suffix	cm.baidu.com
rule	9	suffix	cmb-leasing.com
rule	9	suffix	cmbchina.biz
rule	9	suffix	cmbchina.com
rule	9	suffix	cmbimg.com
rule	9	suffix	cmbuat.com
rule	9	suffix	cmcm.com
rule	9	suffix	cmcmcdn.com
rule	9	suffix	cmf.biz
rule	9	suffix	cmf.ltd
rule	9	suffix	cmfchina.com
rule	9	suffix	cmicapm.com
rule	9	suffix	cmpassport.com
rule	9	suffix	cmpay.com
rule	9	suffix	cmread.com
rule	9	suffix	cn
rule	9	suffix	cn.pool.ntp.org
rule	9	suffix	cnanzhi.com
rule	9	suffix	cnb.cool
rule	9	suffix	cnbksy.com
rule	9	suffix	cnblogs.com
rule	9	suffix	cncqcloud.com
rule	9	suffix	cnepub.com
rule	9	suffix	cnfol.com
rule	9	suffix	cnfolimg.com
rule	9	suffix	cnhbstock.com
rule	9	suffix	cnitblog.com
rule	9	suffix	cnki.net
rule	9	suffix	cnlaw.net
rule	9	suffix	cnlogs.umeng.com
rule	9	suffix	cnlogs.umengcloud.com
rule	9	suffix	cnmooc.org
rule	9	suffix	cnmstl.net
rule	9	suffix	cnsciedu.com
rule	9	suffix	cnstock.com
rule	9	suffix	cnsuning.com
rule	9	suffix	cnthinkers.com
rule	9	suffix	cnweblog.com
rule	9	suffix	cnzz.com
rule	9	suffix	cocodiy.com
rule	9	suffix	code666.com
rule	9	suffix	codechina.net
rule	9	suffix	codeloop.top
rule	9	suffix	coding.me
rule	9	suffix	coding.net
rule	9	suffix	codm.com
rule	9	suffix	cofeed.com
rule	9	suffix	cofool.com
rule	9	suffix	coindog.com
rule	9	suffix	colinker.com
rule	9	suffix	coloros.com
rule	9	suffix	coloros.net
rule	9	suffix	computeinit.com
rule	9	suffix	comsenz.com
rule	9	suffix	cone-x.com
rule	9	suffix	contentchina.com
rule	9	suffix	cookicut.com
rule	9	suffix	coolab.top
rule	9	suffix	coolapk.com
rule	9	suffix	coolapkmarket.com
rule	9	suffix	coolapkmarket.net
rule	9	suffix	coolbuy.com
rule	9	suffix	cooldock.com
rule	9	suffix	coolsite.vip
rule	9	suffix	cowcs.com
rule	9	suffix	cowlevel.net
rule	9	suffix	cowtransfer.com
rule	9	suffix	coze-dns-01.com
rule	9	suffix	coze.email
rule	9	suffix	coze.site
rule	9	suffix	cozeapp.net
rule	9	suffix	cozebuild.com
rule	9	suffix	cozecdn.com
rule	9	suffix	cozedeploy.com
rule	9	suffix	cozesdk.com
rule	9	suffix	cpatrk.net
rule	9	suffix	cppblog.com
rule	9	suffix	cpppf.org
rule	9	suffix	cpro.baidu.com
rule	9	suffix	cpro.baidustatic.com
rule	9	suffix	cps.360buy.com
rule	9	suffix	cpu.baidu.com
rule	9	suffix	cqcb.com
rule	9	suffix	cqccn.com
rule	9	suffix	cqliving.com
rule	9	suffix	cqnews.net
rule	9	suffix	cqsjb.com
rule	9	suffix	cqvip.com
rule	9	suffix	cr-cts.com
rule	9	suffix	cr173.com
rule	9	suffix	crash.163.com
rule	9	suffix	crash2.zhihu.com
rule	9	suffix	crashlytics.163.com
rule	9	suffix	crggcn.com
rule	9	suffix	crscm.com
rule	9	suffix	crsky.com
rule	9	suffix	cryuantafund.com
rule	9	suffix	csair.com
rule	9	suffix	csbew.com
rule	9	suffix	csc108.com
rule	9	suffix	csdn.com
rule	9	suffix	csdn.net
rule	9	suffix	csfounder.com
rule	9	suffix	csmjzs.com
rule	9	suffix	cspro.org
rule	9	suffix	csslcloud.net
rule	9	suffix	cstm.baidu.com
rule	9	suffix	csto.com
rule	9	suffix	csxbank.com
rule	9	suffix	ctbcdn.com
rule	9	suffix	ctcdnov.net
rule	9	suffix	ctdcdn.com
rule	9	suffix	ctdns.net
rule	9	suffix	ctdsb.net
rule	9	suffix	ctfile.com
rule	9	suffix	ctfund.com
rule	9	suffix	ctgcdn.com
rule	9	suffix	cthcdn.com
rule	9	suffix	cthcdn.net
rule	9	suffix	ctiforum.com
rule	9	suffix	ctlcdn.com
rule	9	suffix	ctlcdn.net
rule	9	suffix	ctobsnssdk.com
rule	9	suffix	ctoutiao.com
rule	9	suffix	ctovcdn.com
rule	9	suffix	ctrender.com
rule	9	suffix	ctrip.com
rule	9	suffix	ctripbiz.com
rule	9	suffix	ctripgslb.com
rule	9	suffix	ctripgslb.net
rule	9	suffix	ctripteam.com
rule	9	suffix	ctsbw.com
rule	9	suffix	ctsec.com
rule	9	suffix	ctxcdn.com
rule	9	suffix	ctxcdn.net
rule	9	suffix	ctxirang.com
rule	9	suffix	ctycdn.net
rule	9	suffix	ctyuninner.com
rule	9	suffix	ctyunwaf.com
rule	9	suffix	ctyunwaf1.com
rule	9	suffix	ctzcdn.com
rule	9	suffix	cubead.com
rule	9	suffix	cupid.iqiyi.com
rule	9	suffix	cwxzx.com
rule	9	suffix	cxbiji.com
rule	9	suffix	cxmt.com
rule	9	suffix	cyagen.com
rule	9	suffix	cybtc.com
rule	9	suffix	cyol.com
rule	9	suffix	cyts.com
rule	9	suffix	cztv.com
rule	9	suffix	cztvcdn.com
rule	9	suffix	cztvcloud.com
rule	9	suffix	da.hunantv.com
rule	9	suffix	da.mgtv.com
rule	9	suffix	dadajiasu.com
rule	9	suffix	dadighost.com
rule	9	suffix	daguzhe.com
rule	9	suffix	daheapp.com
rule	9	suffix	dajiabao.com
rule	9	suffix	dajie.com
rule	9	suffix	dajieimg.com
rule	9	suffix	dalongyun.com
rule	9	suffix	dancf.com
rule	9	suffix	dandan818.com
rule	9	suffix	dandanplay.com
rule	9	suffix	dandanvoice.com
rule	9	suffix	dangbei.com
rule	9	suffix	dangbei.net
rule	9	suffix	dangdang.com
rule	9	suffix	danji100.com
rule	9	suffix	danji6.com
rule	9	suffix	danjuanfunds.com
rule	9	suffix	dao123.com
rule	9	suffix	daocloud.io
rule	9	suffix	daocloud.vip
rule	9	suffix	daojia.com
rule	9	suffix	daovoice.io
rule	9	suffix	data.mistat.india.xiaomi.com
rule	9	suffix	data.mistat.intl.xiaomi.com
rule	9	suffix	data.mistat.rus.xiaomi.com
rule	9	suffix	data.mistat.xiaomi.com
rule	9	suffix	dataeye.com
rule	9	suffix	dayainfo.com
rule	9	suffix	dayin8.com
rule	9	suffix	dayu.com
rule	9	suffix	dayukaoshi.com
rule	9	suffix	dazijia.com
rule	9	suffix	dbank.com
rule	9	suffix	dbankcdn.com
rule	9	suffix	dbankcloud.com
rule	9	suffix	dbankedge.net
rule	9	suffix	dbbuilding.fun
rule	9	suffix	dc.letv.com
rule	9	suffix	dcarapi.com
rule	9	suffix	dcarimg.com
rule	9	suffix	dcarlive.com
rule	9	suffix	dcarstatic.com
rule	9	suffix	dcarvod.com
rule	9	suffix	dcdapp.com
rule	9	suffix	dcdkjx.com
rule	9	suffix	dcloud.io
rule	9	suffix	dcloudlive.com
rule	9	suffix	dcloudlive.net
rule	9	suffix	dcloudsp.com
rule	9	suffix	dcloudsp.net
rule	9	suffix	dcloudstc.com
rule	9	suffix	dcloudstc.net
rule	9	suffix	dcloudvod.com
rule	9	suffix	dcloudvod.net
rule	9	suffix	dd373.com
rule	9	suffix	ddcorp.net
rule	9	suffix	ddfresh.net
rule	9	suffix	ddimg.mobi
rule	9	suffix	ddmaicai.net
rule	9	suffix	ddmc.mobi
rule	9	suffix	ddmogo.com
rule	9	suffix	ddooo.com
rule	9	suffix	ddurl.to
rule	9	suffix	dduser.mobi
rule	9	suffix	ddxq.mobi
rule	9	suffix	dearedu.com
rule	9	suffix	dedecms.com
rule	9	suffix	deepepg.com
rule	9	suffix	deepin.com
rule	9	suffix	deepinos.org
rule	9	suffix	deepseek.com
rule	9	suffix	dengguobi.com
rule	9	suffix	deppon.com
rule	9	suffix	develenv.com
rule	9	suffix	devui.design
rule	9	suffix	dewu-inc.com
rule	9	suffix	dewu-inner.com
rule	9	suffix	dewu-inner.net
rule	9	suffix	dewu.co
rule	9	suffix	dewu.com
rule	9	suffix	dewu.net
rule	9	suffix	dewucdn.com
rule	9	suffix	dewuhd.com
rule	9	suffix	dewuhui.com
rule	9	suffix	dewumall.com
rule	9	suffix	dewuyouhui.com
rule	9	suffix	dfcfw.com
rule	9	suffix	dfham.com
rule	9	suffix	dfkhgj.com
rule	9	suffix	dginfo.com
rule	9	suffix	dgjy.net
rule	9	suffix	dgphospital.com
rule	9	suffix	dgtle.com
rule	9	suffix	dianchacha.com
rule	9	suffix	diandao.org
rule	9	suffix	diandian.com
rule	9	suffix	diandianlife.top
rule	9	suffix	diandianqi.com
rule	9	suffix	dianping.com
rule	9	suffix	dianwannan.com
rule	9	suffix	dianzhenkeji.com
rule	9	suffix	dida365.com
rule	9	suffix	didialift.com
rule	9	suffix	didichuxing.com
rule	9	suffix	didistatic.com
rule	9	suffix	dig.bdurl.net
rule	9	suffix	dingdachuxing.com
rule	9	suffix	dingdatech.com
rule	9	suffix	dingding.xin
rule	9	suffix	dingtalk.com
rule	9	suffix	dingtalk.net
rule	9	suffix	dingtalkapps.com
rule	9	suffix	dingtalkcloud.com
rule	9	suffix	dingxiang-inc.com
rule	9	suffix	diopic.net
rule	9	suffix	discuz.net
rule	9	suffix	discuz.org
rule	9	suffix	divoiotcloud.com
rule	9	suffix	diyiyou.com
rule	9	suffix	dj99.com
rule	9	suffix	djdjapp.com
rule	9	suffix	dji.com
rule	9	suffix	dji.ink
rule	9	suffix	dji.net
rule	9	suffix	djicdn.com
rule	9	suffix	djigate.com
rule	9	suffix	djiits.com
rule	9	suffix	djiops.com
rule	9	suffix	djiservice.org
rule	9	suffix	dlgslb.net
rule	9	suffix	dlnel.com
rule	9	suffix	dlnel.org
rule	9	suffix	dlswbr.baidu.com
rule	9	suffix	dmall.com
rule	9	suffix	dmallcdn.com
rule	9	suffix	dmzj.com
rule	9	suffix	dns.iqiyi.com
rule	9	suffix	dns.jd.com
rule	9	suffix	dns.pub
rule	9	suffix	dns.qiyipic.iqiyi.com
rule	9	suffix	dns.weibo.cn
rule	9	suffix	dns.weixin.qq.com
rule	9	suffix	dns.weixin.qq.com.cn
rule	9	suffix	dnse0.com
rule	9	suffix	dnse1.com
rule	9	suffix	dnse2.com
rule	9	suffix	dnse3.com
rule	9	suffix	dnse4.com
rule	9	suffix	dnse5.com
rule	9	suffix	dnspod.com
rule	9	suffix	dnspod.mobi
rule	9	suffix	dnspod.net
rule	9	suffix	dnspod.org
rule	9	suffix	dnsv1.com
rule	9	suffix	dnsv2.com
rule	9	suffix	dnsv3.com
rule	9	suffix	dnsv4.com
rule	9	suffix	dnsv5.com
rule	9	suffix	dobest.com
rule	9	suffix	doc88.com
rule	9	suffix	docer.com
rule	9	suffix	docin.com
rule	9	suffix	dockerone.com
rule	9	suffix	dockone.io
rule	9	suffix	doctoryou.ai
rule	9	suffix	dogedoge.com
rule	9	suffix	doh.iqiyi.com
rule	9	suffix	doh.ptqy.gitv.tv
rule	9	suffix	doh.pub
rule	9	suffix	donews.com
rule	9	suffix	dongao.com
rule	9	suffix	dongchedi.com
rule	9	suffix	dongchediapp.com
rule	9	suffix	dongdianqiu.com
rule	9	suffix	dongguantoday.com
rule	9	suffix	dongjiao.cc
rule	9	suffix	dongjiaoapp.com
rule	9	suffix	dongqiudi.com
rule	9	suffix	dongting.com
rule	9	suffix	dopa.com
rule	9	suffix	doservice.com
rule	9	suffix	dot.pub
rule	9	suffix	doticloud.com
rule	9	suffix	dotserver.douyucdn.cn
rule	9	suffix	douban.com
rule	9	suffix	douban.fm
rule	9	suffix	doubanio.com
rule	9	suffix	doubao-dev.com
rule	9	suffix	doubao.com
rule	9	suffix	doubaocdn.com
rule	9	suffix	doubo03.com
rule	9	suffix	doucang.com
rule	9	suffix	doudou.com
rule	9	suffix	douxie.com
rule	9	suffix	douyin.com
rule	9	suffix	douyinact.com
rule	9	suffix	douyinact.net
rule	9	suffix	douyincdn.com
rule	9	suffix	douyincloud.net
rule	9	suffix	douyincloud.run
rule	9	suffix	douyinec.com
rule	9	suffix	douyinfe.com
rule	9	suffix	douyinliving.com
rule	9	suffix	douyinpay.com
rule	9	suffix	douyinpic.com
rule	9	suffix	douyinstatic.com
rule	9	suffix	douyinvod.com
rule	9	suffix	douyu.com
rule	9	suffix	douyu.tv
rule	9	suffix	douyuscdn.com
rule	9	suffix	douyutv.com
rule	9	suffix	downcc.com
rule	9	suffix	downxia.com
rule	9	suffix	downyi.com
rule	9	suffix	dpfile.com
rule	9	suffix	dpma.cc
rule	9	suffix	draftstatic.com
rule	9	suffix	dratio.com
rule	9	suffix	dreame.tech
rule	9	suffix	dreams-travel.com
rule	9	suffix	drivergenius.com
rule	9	suffix	drmcmm.baidu.com
rule	9	suffix	drp321.com
rule	9	suffix	druid.vip
rule	9	suffix	dtstatic.com
rule	9	suffix	du8.ltd
rule	9	suffix	dualstack-logs.amap.com
rule	9	suffix	duapp.com
rule	9	suffix	duapp.net
rule	9	suffix	duapps.com
rule	9	suffix	duba.com
rule	9	suffix	duba.net
rule	9	suffix	dui.ai
rule	9	suffix	dui88.com
rule	9	suffix	duiopen.com
rule	9	suffix	duitang.com
rule	9	suffix	duiwai.baidu.com
rule	9	suffix	duoduocdn.com
rule	9	suffix	duokan.com
rule	9	suffix	duokanbox.com
rule	9	suffix	duolabao.com
rule	9	suffix	duomai.com
rule	9	suffix	duoshan.com
rule	9	suffix	duoshuo.com
rule	9	suffix	duote.com
rule	9	suffix	duowan.com
rule	9	suffix	dup.baidustatic.com
rule	9	suffix	dutenews.com
rule	9	suffix	dutils.com
rule	9	suffix	duxiaoman-int.com
rule	9	suffix	duxiaoman.com
rule	9	suffix	duxiaomanfintech.com
rule	9	suffix	duxiaomantech.com
rule	9	suffix	duxiu.com
rule	9	suffix	dw2.co
rule	9	suffix	dw4.co
rule	9	suffix	dwhhd.com
rule	9	suffix	dwion.com
rule	9	suffix	dwstatic.com
rule	9	suffix	dxm-cdn.com
rule	9	suffix	dxm-int.com
rule	9	suffix	dxmjinr.com
rule	9	suffix	dxmlcf.com
rule	9	suffix	dxmlcfintech.com
rule	9	suffix	dxmpay.com
rule	9	suffix	dxmstatic.com
rule	9	suffix	dxmyqh.com
rule	9	suffix	dxpmedia.com
rule	9	suffix	dxy.com
rule	9	suffix	dxycdn.com
rule	9	suffix	dxzq.net
rule	9	suffix	dycloud.run
rule	9	suffix	dycloudbk.com
rule	9	suffix	dyhjw.com
rule	9	suffix	dzdvip.com
rule	9	suffix	dzng.com
rule	9	suffix	dzsc.com
rule	9	suffix	dzw3.com
rule	9	suffix	dzwww.com
rule	9	suffix	e.kuaishou.cn
rule	9	suffix	e.kuaishou.com
rule	9	suffix	e.qq.com
rule	9	suffix	e.stat.ykimg.com
rule	9	suffix	eagsen.com
rule	9	suffix	easesale.com
rule	9	suffix	easiu.com
rule	9	suffix	eastday.com
rule	9	suffix	eastmoney.com
rule	9	suffix	eastmoneyfutures.com
rule	9	suffix	eastsoo.com
rule	9	suffix	easytomessage.com
rule	9	suffix	easytrip.com
rule	9	suffix	eayyou.com
rule	9	suffix	eb-ind.com
rule	9	suffix	ebasset.com
rule	9	suffix	ebchina.com
rule	9	suffix	ebchinaintl.com
rule	9	suffix	ebfcn.com
rule	9	suffix	ebfortune.com
rule	9	suffix	ebico.com
rule	9	suffix	ebrun.com
rule	9	suffix	ebscn-am.com
rule	9	suffix	ebscn.com
rule	9	suffix	ebtrust.com
rule	9	suffix	ecitic.com
rule	9	suffix	ecjobhome.com
rule	9	suffix	eclick.baidu.com
rule	9	suffix	ecloud-gdu.com
rule	9	suffix	ecma.bdimg.com
rule	9	suffix	ecmb.bdimg.com
rule	9	suffix	ecmc.bdimg.com
rule	9	suffix	ecombdapi.com
rule	9	suffix	ecombdstatic.com
rule	9	suffix	ecukwai.com
rule	9	suffix	edgemonix.top
rule	9	suffix	edgeone.cool
rule	9	suffix	edgeonedy1.com
rule	9	suffix	edgesrv.com
rule	9	suffix	edu4399.com
rule	9	suffix	eduad.baidu.com
rule	9	suffix	eduapaashwc.com
rule	9	suffix	educoder.net
rule	9	suffix	eduei.com
rule	9	suffix	eeyy.com
rule	9	suffix	eflycloud.com
rule	9	suffix	ehaier.com
rule	9	suffix	eiv.baidu.com
rule	9	suffix	ele.me
rule	9	suffix	ele.to
rule	9	suffix	elecfans.com
rule	9	suffix	eleme.io
rule	9	suffix	elemecdn.com
rule	9	suffix	elenet.me
rule	9	suffix	elong.com
rule	9	suffix	elongstatic.com
rule	9	suffix	emarbox.com
rule	9	suffix	emas-poc.com
rule	9	suffix	emoriko.com
rule	9	suffix	emr-volces.com
rule	9	suffix	ems.youku.com
rule	9	suffix	emumax.com
rule	9	suffix	enterdesk.com
rule	9	suffix	eoeandroid.com
rule	9	suffix	eoffcn.com
rule	9	suffix	eolink.com
rule	9	suffix	er07.com
rule	9	suffix	erji.net
rule	9	suffix	erp321.com
rule	9	suffix	erp321.net
rule	9	suffix	ersjk.com
rule	9	suffix	essurl.com
rule	9	suffix	et-api.com
rule	9	suffix	et001.com
rule	9	suffix	et0731.com
rule	9	suffix	etao.com
rule	9	suffix	ets100.com
rule	9	suffix	euads-o.api.leiniao.com
rule	9	suffix	eufycn.com
rule	9	suffix	everbright.com
rule	9	suffix	excelbbx.net
rule	9	suffix	excelhome.net
rule	9	suffix	exiliumgf.com
rule	9	suffix	exmailgz.com
rule	9	suffix	expreview.com
rule	9	suffix	extfans.com
rule	9	suffix	extlog.snssdk.com
rule	9	suffix	eziot.com
rule	9	suffix	ezpro.pro
rule	9	suffix	ezviz.com
rule	9	suffix	f.cx
rule	9	suffix	fa-part.com
rule	9	suffix	faceu.com
rule	9	suffix	fadfunds.com
rule	9	suffix	falconsending.com
rule	9	suffix	faloo.com
rule	9	suffix	famulei.com
rule	9	suffix	fanfou.com
rule	9	suffix	fang.com
rule	9	suffix	fangxiaoer.com
rule	9	suffix	fanli.com
rule	9	suffix	fanmingming.com
rule	9	suffix	fanqienovel.com
rule	9	suffix	fanqieopen.com
rule	9	suffix	fanqieopenpic.com
rule	9	suffix	fanqieopenstatic.com
rule	9	suffix	fanqieopenvod.com
rule	9	suffix	fanqiesdk.com
rule	9	suffix	fanqiesdkpic.com
rule	9	suffix	fanqiesdkstatic.com
rule	9	suffix	fanqiesdkvod.com
rule	9	suffix	fanxian.com
rule	9	suffix	fanxingliveshow.com
rule	9	suffix	fastapi.net
rule	9	suffix	fastcdn.com
rule	9	suffix	faxingbao.com
rule	9	suffix	fbank.com
rule	9	suffix	fcapp.run
rule	9	suffix	fcbox.com
rule	9	suffix	fcboxmall.com
rule	9	suffix	fclick.baidu.com
rule	9	suffix	fclog.baidu.com
rule	9	suffix	fdcyun.com
rule	9	suffix	fedlearner.net
rule	9	suffix	feidee.com
rule	9	suffix	feidee.net
rule	9	suffix	feihengip.com
rule	9	suffix	feihuo.com
rule	9	suffix	feimaoyun.com
rule	9	suffix	feiniaomy.com
rule	9	suffix	feishu-3rd-party-services.com
rule	9	suffix	feishu-boe.net
rule	9	suffix	feishu-pre.net
rule	9	suffix	feishu.net
rule	9	suffix	feishuapp-cdn.net
rule	9	suffix	feishuapp.com
rule	9	suffix	feishucdn.com
rule	9	suffix	feishudoc.com
rule	9	suffix	feishuhuiyi.com
rule	9	suffix	feishuimg-boe.com
rule	9	suffix	feishuimg-pre.com
rule	9	suffix	feishuimg.com
rule	9	suffix	feishukacdn.com
rule	9	suffix	feishumeetings.com
rule	9	suffix	feishuoffice.com
rule	9	suffix	feishuopenplatformrecord.com
rule	9	suffix	feishupkg.com
rule	9	suffix	feishuvc.com
rule	9	suffix	feizhu.com
rule	9	suffix	fenbi.com
rule	9	suffix	fenbike.com
rule	9	suffix	fenbilantian.com
rule	9	suffix	feng.com
rule	9	suffix	feng1.com
rule	9	suffix	fengcx.com
rule	9	suffix	fengedu.com
rule	9	suffix	fengimg.com
rule	9	suffix	fengkongbao.com
rule	9	suffix	fengkongcloud.com
rule	9	suffix	fengniao.com
rule	9	suffix	fengxian110.com
rule	9	suffix	fenxi.360.cn
rule	9	suffix	fenxi.com
rule	9	suffix	fetion-portal.com
rule	9	suffix	fetionpic.com
rule	9	suffix	ffbuddy.com
rule	9	suffix	fgo.wiki
rule	9	suffix	fhldns.com
rule	9	suffix	fhyx.com
rule	9	suffix	filez.com
rule	9	suffix	fimmu.com
rule	9	suffix	finchina.com
rule	9	suffix	finzfin.com
rule	9	suffix	fixdown.com
rule	9	suffix	fliggy.com
rule	9	suffix	flxdns.com
rule	9	suffix	flycua.com
rule	9	suffix	flyme.com
rule	9	suffix	flymeauto.com
rule	9	suffix	fm365.com
rule	9	suffix	fm3838.com
rule	9	suffix	fnjiasu.com
rule	9	suffix	fnnas.com
rule	9	suffix	fnnas.net
rule	9	suffix	fnos.net
rule	9	suffix	fofa.info
rule	9	suffix	fofa.so
rule	9	suffix	foresightfund.com
rule	9	suffix	forevernine.com
rule	9	suffix	forface3d.com
rule	9	suffix	founderff.com
rule	9	suffix	foundertype.com
rule	9	suffix	fourier.taobao.com
rule	9	suffix	foxmail.com
rule	9	suffix	fpb.sohu.com
rule	9	suffix	fqjob.net
rule	9	suffix	fqnovel-op.com
rule	9	suffix	fqnovel.com
rule	9	suffix	fqnovelim.com
rule	9	suffix	fqnovelop.com
rule	9	suffix	fqnovelpic.com
rule	9	suffix	fqnovelstatic.com
rule	9	suffix	fqnovelvod.com
rule	9	suffix	freebuf.com
rule	9	suffix	freshhema.com
rule	9	suffix	freshippo.com
rule	9	suffix	frontjs.com
rule	9	suffix	frontwize.com
rule	9	suffix	frp-act.com
rule	9	suffix	frp-air.com
rule	9	suffix	frp-all.com
rule	9	suffix	frp-any.com
rule	9	suffix	frp-arm.com
rule	9	suffix	frp-bag.com
rule	9	suffix	frp-bar.com
rule	9	suffix	frp-bid.com
rule	9	suffix	frp-box.com
rule	9	suffix	frp-boy.com
rule	9	suffix	frp-bus.com
rule	9	suffix	frp-dad.com
rule	9	suffix	frp-dog.com
rule	9	suffix	frp-egg.com
rule	9	suffix	frp-end.com
rule	9	suffix	frp-era.com
rule	9	suffix	frp-fan.com
rule	9	suffix	frp-fee.com
rule	9	suffix	frp-fog.com
rule	9	suffix	frp-fox.com
rule	9	suffix	frp-fun.com
rule	9	suffix	frp-gap.com
rule	9	suffix	frp-gas.com
rule	9	suffix	frp-gym.com
rule	9	suffix	frp-hat.com
rule	9	suffix	frp-hen.com
rule	9	suffix	frp-hip.com
rule	9	suffix	frp-hub.com
rule	9	suffix	frp-ice.com
rule	9	suffix	frp-jar.com
rule	9	suffix	frp-key.com
rule	9	suffix	frp-kit.com
rule	9	suffix	frp-lab.com
rule	9	suffix	frp-leg.com
rule	9	suffix	frp-mad.com
rule	9	suffix	frp-mix.com
rule	9	suffix	frp-mom.com
rule	9	suffix	frp-net.com
rule	9	suffix	frp-now.com
rule	9	suffix	frp-nut.com
rule	9	suffix	frp-off.com
rule	9	suffix	frp-oil.com
rule	9	suffix	frp-one.com
rule	9	suffix	frp-own.com
rule	9	suffix	frp-pen.com
rule	9	suffix	frp-put.com
rule	9	suffix	frp-rib.com
rule	9	suffix	frp-rug.com
rule	9	suffix	frp-run.com
rule	9	suffix	frp-say.com
rule	9	suffix	frp-sea.com
rule	9	suffix	frp-shy.com
rule	9	suffix	frp-six.com
rule	9	suffix	frp-ski.com
rule	9	suffix	frp-sun.com
rule	9	suffix	frp-tag.com
rule	9	suffix	fsfund.com
rule	9	suffix	fspcdn.com
rule	9	suffix	ftfund.com
rule	9	suffix	fugetech.com
rule	9	suffix	fun.tv
rule	9	suffix	funcdn.com
rule	9	suffix	functiongraph.run
rule	9	suffix	funjsq.com
rule	9	suffix	funnycore.com
rule	9	suffix	funshion.com
rule	9	suffix	funshion.net
rule	9	suffix	fuwai.com
rule	9	suffix	fuwj.com
rule	9	suffix	fxt365.com
rule	9	suffix	fxxz.com
rule	9	suffix	fyeds.com
rule	9	suffix	fyeds0.com
rule	9	suffix	fyeds1.com
rule	9	suffix	fyeds3.com
rule	9	suffix	fyeds4.com
rule	9	suffix	fyeds5.com
rule	9	suffix	fyeds6.com
rule	9	suffix	fyeds7.com
rule	9	suffix	fyeds8.com
rule	9	suffix	fyeds9.com
rule	9	suffix	fymall0.com
rule	9	suffix	fymall1.com
rule	9	suffix	fymall4.com
rule	9	suffix	fymall7.com
rule	9	suffix	fymall9.com
rule	9	suffix	fymallqa0.com
rule	9	suffix	fymallqa1.com
rule	9	suffix	fymallqa2.com
rule	9	suffix	fymallqa3.com
rule	9	suffix	fymallqa4.com
rule	9	suffix	fymallqa7.com
rule	9	suffix	fymallqa9.com
rule	9	suffix	fzaqjy.com
rule	9	suffix	fzfinancing.com
rule	9	suffix	g.163.com
rule	9	suffix	g.click.taobao.com
rule	9	suffix	g3.letv.com
rule	9	suffix	gaapqcloud.com
rule	9	suffix	galaxyasset.com
rule	9	suffix	game234.com
rule	9	suffix	gameabc.com
rule	9	suffix	gamebonfire.com
rule	9	suffix	gameitop.com
rule	9	suffix	gameloop.com
rule	9	suffix	gamemei.com
rule	9	suffix	gamepp.com
rule	9	suffix	gameres.com
rule	9	suffix	gamersky.com
rule	9	suffix	gamewower.com
rule	9	suffix	gangwan.com
rule	9	suffix	ganji.com
rule	9	suffix	ganjiangvpn.com
rule	9	suffix	ganjistatic1.com
rule	9	suffix	gaode.com
rule	9	suffix	gaodun.com
rule	9	suffix	gaoshouyou.com
rule	9	suffix	gaoxiaojob.com
rule	9	suffix	gcloudcache.com
rule	9	suffix	gcloudcs.com
rule	9	suffix	gcloudcstest.com
rule	9	suffix	gcloudcstestonly.com
rule	9	suffix	gclouddolphin.com
rule	9	suffix	gcloudsdk.com
rule	9	suffix	gcloudsvcs.com
rule	9	suffix	gcores.com
rule	9	suffix	gdjdxy.com
rule	9	suffix	gdliontech.com
rule	9	suffix	gdrc.com
rule	9	suffix	gdt.qq.com
rule	9	suffix	gdtimg.com
rule	9	suffix	geekpark.net
rule	9	suffix	geektool.top
rule	9	suffix	geely.com
rule	9	suffix	geetest.com
rule	9	suffix	geilicdn.com
rule	9	suffix	gepush.com
rule	9	suffix	getfeishu.com
rule	9	suffix	getsays.com
rule	9	suffix	getui.com
rule	9	suffix	getui.net
rule	9	suffix	gezida.com
rule	9	suffix	gfan.com
rule	9	suffix	gfbzb.com
rule	9	suffix	gfbzb.net
rule	9	suffix	gfund.com
rule	9	suffix	ggkuai.com
rule	9	suffix	ggoplay.com
rule	9	suffix	ggowan.com
rule	9	suffix	ghxi.com
rule	9	suffix	gia.jd.com
rule	9	suffix	gifshow.com
rule	9	suffix	giftatdw.com
rule	9	suffix	giftattoday.com
rule	9	suffix	gijsq.com
rule	9	suffix	gio.ren
rule	9	suffix	giocdn.com
rule	9	suffix	gitcode.com
rule	9	suffix	gitcode.net
rule	9	suffix	gitee.com
rule	9	suffix	gitee.io
rule	9	suffix	gitv.tv
rule	9	suffix	gk100.com
rule	9	suffix	globrand.com
rule	9	suffix	glxcc.net
rule	9	suffix	gm86.com
rule	9	suffix	gmw.com
rule	9	suffix	gmz88.com
rule	9	suffix	gneec.com
rule	9	suffix	gneec3.com
rule	9	suffix	gneec4.com
rule	9	suffix	gneec7.com
rule	9	suffix	go2map.com
rule	9	suffix	gobasearcher.com
rule	9	suffix	gogokid.com
rule	9	suffix	goka.top
rule	9	suffix	gold678.com
rule	9	suffix	golink.com
rule	9	suffix	golinkapi.com
rule	9	suffix	golinkcn.com
rule	9	suffix	golue.com
rule	9	suffix	gongxiangcj.com
rule	9	suffix	gongyi.xin
rule	9	suffix	goofish.com
rule	9	suffix	goosail.com
rule	9	suffix	goproxy.io
rule	9	suffix	goselling.com
rule	9	suffix	goto-game.com
rule	9	suffix	goto-game.mobi
rule	9	suffix	goto-game.org
rule	9	suffix	gotokeep.com
rule	9	suffix	gotolink.net
rule	9	suffix	goufw.com
rule	9	suffix	govqcloud.com
rule	9	suffix	gowinamc.com
rule	9	suffix	gpall.net
rule	9	suffix	gracg.com
rule	9	suffix	gree.com
rule	9	suffix	greenxiazai.com
rule	9	suffix	greeyun.com
rule	9	suffix	growingio.com
rule	9	suffix	grzq.com
rule	9	suffix	gsadds.com
rule	9	suffix	gslbdns.com
rule	9	suffix	gslbdns.net
rule	9	suffix	gszq.com
rule	9	suffix	gtags.net
rule	9	suffix	gtarsc.com
rule	9	suffix	gtgres.com
rule	9	suffix	gtimg.com
rule	9	suffix	gtja.com
rule	9	suffix	gtm.pub
rule	9	suffix	guabu.com
rule	9	suffix	guaiguai.com
rule	9	suffix	guaiku.com
rule	9	suffix	guanaitong.com
rule	9	suffix	guanggaoad.youku.com
rule	9	suffix	guangyacdn.com
rule	9	suffix	guangyapan.com
rule	9	suffix	guanhaobio.com
rule	9	suffix	guanyierp.com
rule	9	suffix	guazi.com
rule	9	suffix	guazi.net
rule	9	suffix	guazistatic.com
rule	9	suffix	gucheng.com
rule	9	suffix	guigu.org
rule	9	suffix	guodu.com
rule	9	suffix	guoguo-app.com
rule	9	suffix	guokr.com
rule	9	suffix	guokr.net
rule	9	suffix	guoocang.com
rule	9	suffix	guoping123.com
rule	9	suffix	guoxinmac.com
rule	9	suffix	guoxuedashi.com
rule	9	suffix	guoxuemi.com
rule	9	suffix	gupzs.com
rule	9	suffix	gushiwen.org
rule	9	suffix	guzhangting.com
rule	9	suffix	gvgoo.com
rule	9	suffix	gwdang.com
rule	9	suffix	gxairlines.com
rule	9	suffix	gxb.io
rule	9	suffix	gzcqs.com
rule	9	suffix	gzwanju.com
rule	9	suffix	gzyowin.com
rule	9	suffix	h-adashx.ut.ele.me
rule	9	suffix	h-adashx.ut.taobao.com
rule	9	suffix	h-adashx.ut.youku.com
rule	9	suffix	h-adashx4yt.ut.taobao.com
rule	9	suffix	h2os.com
rule	9	suffix	h2tcbox.baidu.com
rule	9	suffix	h5uc.com
rule	9	suffix	hack520.com
rule	9	suffix	hackhome.com
rule	9	suffix	hackinn.com
rule	9	suffix	hacpai.com
rule	9	suffix	haidilao.com
rule	9	suffix	haidubooks.com
rule	9	suffix	haier.com
rule	9	suffix	haier.net
rule	9	suffix	haiersmarthomes.com
rule	9	suffix	hailuoai.com
rule	9	suffix	hainanairlines.com
rule	9	suffix	haishun.com
rule	9	suffix	halvie.com
rule	9	suffix	hanboshi.com
rule	9	suffix	handanjob.com
rule	9	suffix	hangjiayun.com
rule	9	suffix	hangzhouyq.com
rule	9	suffix	hanyi.com
rule	9	suffix	hao123.com
rule	9	suffix	hao123img.com
rule	9	suffix	hao123union.baidu.com
rule	9	suffix	hao222.com
rule	9	suffix	haodf.com
rule	9	suffix	haofenshu.com
rule	9	suffix	haohaodoc.com
rule	9	suffix	haohaowan.net
rule	9	suffix	haokan.com
rule	9	suffix	haolietou.com
rule	9	suffix	haoso.com
rule	9	suffix	haosou.com
rule	9	suffix	haosou.net
rule	9	suffix	haote.com
rule	9	suffix	haowu.link
rule	9	suffix	haoyouyinxiang.com
rule	9	suffix	hapierxia.com
rule	9	suffix	hapipixia.com
rule	9	suffix	hapiyixia.com
rule	9	suffix	hapjs.org
rule	9	suffix	happyhlddz.com
rule	9	suffix	harmonyos.com
rule	9	suffix	hazq.com
rule	9	suffix	hbooker.com
rule	9	suffix	hc-cdn.com
rule	9	suffix	hc-sre.com
rule	9	suffix	hczq.com
rule	9	suffix	hdfimg.com
rule	9	suffix	hdns.ksyun.com
rule	9	suffix	hdslb.com
rule	9	suffix	hdslb.org
rule	9	suffix	hdyxgame.com
rule	9	suffix	healthjd.com
rule	9	suffix	heavenlywind.cc
rule	9	suffix	hecdn.net
rule	9	suffix	hefei.cc
rule	9	suffix	heisha.net
rule	9	suffix	heiyan.com
rule	9	suffix	heiyanimg.com
rule	9	suffix	heiyu.space
rule	9	suffix	helipay.com
rule	9	suffix	hello-inc.com
rule	9	suffix	hellobike.com
rule	9	suffix	hellowebfont.com
rule	9	suffix	hemamax.com
rule	9	suffix	hemaos.com
rule	9	suffix	henha.com
rule	9	suffix	henkuai.com
rule	9	suffix	hero.com
rule	9	suffix	heroesports.com
rule	9	suffix	herogame.com
rule	9	suffix	herostart.com
rule	9	suffix	heweather.net
rule	9	suffix	hexun.com
rule	9	suffix	heytap.com
rule	9	suffix	heytapcs.com
rule	9	suffix	heytapdownload.com
rule	9	suffix	heytapimage.com
rule	9	suffix	heytapmobi.com
rule	9	suffix	heytea.com
rule	9	suffix	hezuvip.com
rule	9	suffix	hf-aw.com
rule	9	suffix	hftfund.com
rule	9	suffix	hhtravel.com
rule	9	suffix	hiaiabc.com
rule	9	suffix	hiascend.com
rule	9	suffix	hichina.com
rule	9	suffix	hiclc.com
rule	9	suffix	hicloud.com
rule	9	suffix	hifuntv.com
rule	9	suffix	hihocoder.com
rule	9	suffix	hihonor.com
rule	9	suffix	hihonorcdn.com
rule	9	suffix	hihonorcloud.com
rule	9	suffix	hiido.com
rule	9	suffix	hik-cloud.com
rule	9	suffix	hik-express.com
rule	9	suffix	hikiot.com
rule	9	suffix	hikmall.com
rule	9	suffix	hikunpeng.com
rule	9	suffix	hikunpeng.net
rule	9	suffix	hikvision.com
rule	9	suffix	hisensehitachi.com
rule	9	suffix	hisilicon.com
rule	9	suffix	hitevision-solutions.com
rule	9	suffix	hitv.com
rule	9	suffix	hiyd.com
rule	9	suffix	hjapi.com
rule	9	suffix	hkgcloudcs.com
rule	9	suffix	hktheone.com
rule	9	suffix	hlgdata.com
rule	9	suffix	hlzqgs.com
rule	9	suffix	hm.baidu.com
rule	9	suffix	hmma.baidu.com
rule	9	suffix	hn-cbec.com
rule	9	suffix	hnacargo.com
rule	9	suffix	hnair.com
rule	9	suffix	hnbntv.com
rule	9	suffix	hndt.com
rule	9	suffix	hnrcsc.com
rule	9	suffix	hntv.tv
rule	9	suffix	hnyuyuhui.com
rule	9	suffix	hollycrm.com
rule	9	suffix	homeinns.com
rule	9	suffix	homekoo.com
rule	9	suffix	hongbo100.com
rule	9	suffix	hongdefund.com
rule	9	suffix	hongen.com
rule	9	suffix	hongsanban.com
rule	9	suffix	hongshu.com
rule	9	suffix	hongtastock.com
rule	9	suffix	hongxiu.com
rule	9	suffix	hongyuanqh.com
rule	9	suffix	honor.com
rule	9	suffix	honorfile.com
rule	9	suffix	hotread.com
rule	9	suffix	houdao.com
rule	9	suffix	houyicaiji.com
rule	9	suffix	houyuantuan.com
rule	9	suffix	howbuy.com
rule	9	suffix	hq-tracking.qq.com
rule	9	suffix	hqchip.com
rule	9	suffix	hqdoc.com
rule	9	suffix	hqpcb.com
rule	9	suffix	hr-welink.com
rule	9	suffix	hsfund.com
rule	9	suffix	hsqh.net
rule	9	suffix	htcases.com
rule	9	suffix	hteacher.net
rule	9	suffix	htjsq.com
rule	9	suffix	htjsq.mobi
rule	9	suffix	htsec.com
rule	9	suffix	httpdns-api.aliyuncs.com
rule	9	suffix	httpdns-browser.platform.dbankcloud.cn
rule	9	suffix	httpdns-sc.aliyuncs.com
rule	9	suffix	httpdns-sdk.n.netease.com
rule	9	suffix	httpdns.alicdn.com
rule	9	suffix	httpdns.baidu.com
rule	9	suffix	httpdns.baidubce.com
rule	9	suffix	httpdns.bcelive.com
rule	9	suffix	httpdns.bilivideo.com
rule	9	suffix	httpdns.browser.miui.com
rule	9	suffix	httpdns.c.cdnhwc2.com
rule	9	suffix	httpdns.cctv.com
rule	9	suffix	httpdns.danuoyi.tbcache.com
rule	9	suffix	httpdns.gslb.yy.com
rule	9	suffix	httpdns.huaweicloud.com
rule	9	suffix	httpdns.kg.qq.com
rule	9	suffix	httpdns.kwd.inkuai.com
rule	9	suffix	httpdns.meituan.com
rule	9	suffix	httpdns.music.163.com
rule	9	suffix	httpdns.n.netease.com
rule	9	suffix	httpdns.n.shifen.com
rule	9	suffix	httpdns.ocloud.heytapmobi.com
rule	9	suffix	httpdns.ocloud.oppomobile.com
rule	9	suffix	httpdns.platform.dbankcloud.cn
rule	9	suffix	httpdns.platform.dbankcloud.com
rule	9	suffix	httpdns.pro
rule	9	suffix	httpdns.push.heytapmobi.com
rule	9	suffix	httpdns.push.oppomobile.com
rule	9	suffix	httpdns.volcengineapi.com
rule	9	suffix	httpdns.yunxindns.com
rule	9	suffix	httpdns.zhihu.com
rule	9	suffix	httpdns.zybang.com
rule	9	suffix	httpdns1.cc.cdnhwc5.com
rule	9	suffix	httpdnsvip.meituan.com
rule	9	suffix	httpsdns.baidu.com
rule	9	suffix	huaban.com
rule	9	suffix	huabanimg.com
rule	9	suffix	huafengaw.com
rule	9	suffix	huajingsec.com
rule	9	suffix	huangyuhui.net
rule	9	suffix	huanleguang.com
rule	9	suffix	huanqiu.com
rule	9	suffix	huashengdaili.com
rule	9	suffix	huatu.com
rule	9	suffix	huawei.com
rule	9	suffix	huaweiacad.com
rule	9	suffix	huaweiapaas.com
rule	9	suffix	huaweicloud-dns.com
rule	9	suffix	huaweicloud-idme.com
rule	9	suffix	huaweicloud-koophone.com
rule	9	suffix	huaweicloud-smn.com
rule	9	suffix	huaweicloud-smn.net
rule	9	suffix	huaweicloud.com
rule	9	suffix	huaweicloudapis.com
rule	9	suffix	huaweicloudlive.com
rule	9	suffix	huaweicloudsite.com
rule	9	suffix	huaweicloudwaf.com
rule	9	suffix	huaweiief.com
rule	9	suffix	huaweimarketplace.com
rule	9	suffix	huaweioneaccess.com
rule	9	suffix	huaweisafedns.com
rule	9	suffix	huaweisre.com
rule	9	suffix	huaweistatic.com
rule	9	suffix	huaweiyun.com
rule	9	suffix	huaxiong.com
rule	9	suffix	huayingsc.com
rule	9	suffix	hugecore.net
rule	9	suffix	huijistatic.com
rule	9	suffix	huijiwiki.com
rule	9	suffix	huize.com
rule	9	suffix	hujia.org
rule	9	suffix	hujiang.com
rule	9	suffix	hunaniptv.com
rule	9	suffix	hunantv.com
rule	9	suffix	huochepiao.com
rule	9	suffix	huocheso.com
rule	9	suffix	huoshan.com
rule	9	suffix	huoshancdn.com
rule	9	suffix	huoshangroup.com
rule	9	suffix	huoshanimg.com
rule	9	suffix	huoshanlive.com
rule	9	suffix	huoshanparty.com
rule	9	suffix	huoshanstatic.com
rule	9	suffix	huoshante8.com
rule	9	suffix	huoshanvideo.net
rule	9	suffix	huoshanvod.com
rule	9	suffix	huoshanxiaoshipin.net
rule	9	suffix	huoshanzhibo.com
rule	9	suffix	huoshanzhibo.net
rule	9	suffix	hupu.com
rule	9	suffix	hupucdn.com
rule	9	suffix	hupun.com
rule	9	suffix	huxiu.com
rule	9	suffix	huxiucdn.com
rule	9	suffix	huya.com
rule	9	suffix	hwads-t.api.my7v.com
rule	9	suffix	hwastro.com
rule	9	suffix	hwccpc.com
rule	9	suffix	hwcdnsre.com
rule	9	suffix	hwclouds-dns.com
rule	9	suffix	hwclouds-dns.net
rule	9	suffix	hwclouds.com
rule	9	suffix	hwclouds.mobi
rule	9	suffix	hwcloudsite.com
rule	9	suffix	hwcloudvis.com
rule	9	suffix	hweventgrid.com
rule	9	suffix	hwocloud.com
rule	9	suffix	hwshu.com
rule	9	suffix	hwtrip.com
rule	9	suffix	hxfy888.com
rule	9	suffix	hxsd.com
rule	9	suffix	hybiome.com
rule	9	suffix	hypercachenet.com
rule	9	suffix	hzdtv.tv
rule	9	suffix	hzman.net
rule	9	suffix	i.snssdk.com
rule	9	suffix	i360mall.com
rule	9	suffix	i3839.com
rule	9	suffix	i8tq.com
rule	9	suffix	iadmat.nosdn.127.net
rule	9	suffix	iadmatapk.nosdn.127.net
rule	9	suffix	iadmusicmat.music.126.net
rule	9	suffix	iadmusicmatvideo.music.126.net
rule	9	suffix	ialicdn.com
rule	9	suffix	iask.com
rule	9	suffix	ibaotu.com
rule	9	suffix	ibcet.org
rule	9	suffix	ibdxiguaimg.com
rule	9	suffix	ibdxigualive.com
rule	9	suffix	ibdxiguastatic.com
rule	9	suffix	ibdxiguavod.com
rule	9	suffix	ibidian.com
rule	9	suffix	ibobscs.com
rule	9	suffix	ibuychem.com
rule	9	suffix	ibytedapm.com
rule	9	suffix	ica-alliance.org
rule	9	suffix	icaidao.com
rule	9	suffix	icbc
rule	9	suffix	icbcina.com
rule	9	suffix	icbcstandard.com
rule	9	suffix	icbcstandardbank.com
rule	9	suffix	icbcstandardresources.com
rule	9	suffix	icbcstandardsecurities.com
rule	9	suffix	iccvlog.com
rule	9	suffix	ichangtou.com
rule	9	suffix	iciba.com
rule	9	suffix	icntvcdn.com
rule	9	suffix	icourse163.org
rule	9	suffix	icpcw.com
rule	9	suffix	icplishi.com
rule	9	suffix	ics.design
rule	9	suffix	icswb.com
rule	9	suffix	ictbda.com
rule	9	suffix	idcgcloudcs.com
rule	9	suffix	idcquan.com
rule	9	suffix	idongdong.com
rule	9	suffix	idonguapi.com
rule	9	suffix	idouyinliving.com
rule	9	suffix	idouyinpic.com
rule	9	suffix	idouyinstatic.com
rule	9	suffix	idouyinvod.com
rule	9	suffix	idqqimg.com
rule	9	suffix	iemiq.com
rule	9	suffix	iesdouyin.com
rule	9	suffix	iesdouyin.net
rule	9	suffix	ieshuodong.net
rule	9	suffix	ifacelog.iqiyi.com
rule	9	suffix	ifanr.com
rule	9	suffix	ifanr.in
rule	9	suffix	ifanrusercontent.com
rule	9	suffix	ifanrx.com
rule	9	suffix	ifdian.net
rule	9	suffix	ifeilian.com
rule	9	suffix	ifeng.com
rule	9	suffix	ifengimg.com
rule	9	suffix	ifengweekly.com
rule	9	suffix	iflyink.com
rule	9	suffix	iflyrec.com
rule	9	suffix	iflysec.com
rule	9	suffix	iflytek.com
rule	9	suffix	igao7.com
rule	9	suffix	igehuo.com
rule	9	suffix	igetget.com
rule	9	suffix	igetui.com
rule	9	suffix	igexin.com
rule	9	suffix	igtm-meeting-tencent.com
rule	9	suffix	igtm.pub
rule	9	suffix	igwfmc.com
rule	9	suffix	ihaohaoxuexi.com
rule	9	suffix	ihappystudio.com
rule	9	suffix	iheima.com
rule	9	suffix	ihst8.com
rule	9	suffix	ihuman.com
rule	9	suffix	ihuoshanimg.com
rule	9	suffix	ihuoshanlive.com
rule	9	suffix	ihuoshanstatic.com
rule	9	suffix	ihuoshanvod.com
rule	9	suffix	ihykb.com
rule	9	suffix	ijiandao.com
rule	9	suffix	ijingyi.com
rule	9	suffix	ijinshan.com
rule	9	suffix	ikafan.com
rule	9	suffix	ikanchai.com
rule	9	suffix	ilanzou.com
rule	9	suffix	ileapcloud.com
rule	9	suffix	iluckysf.net
rule	9	suffix	im-cc.com
rule	9	suffix	im2maker.com
rule	9	suffix	im9.com
rule	9	suffix	imacos.top
rule	9	suffix	imaicai.mobi
rule	9	suffix	imcapptest.com
rule	9	suffix	imcome.net
rule	9	suffix	imcoming.com
rule	9	suffix	imedao.com
rule	9	suffix	img-x.jd.com
rule	9	suffix	img4399.com
rule	9	suffix	imgcdc.com
rule	9	suffix	imgcook.com
rule	9	suffix	imgo.tv
rule	9	suffix	imgstat.baidu.com
rule	9	suffix	imooc.com
rule	9	suffix	imp.go.sohu.com
rule	9	suffix	imqq.com
rule	9	suffix	imsyy.com
rule	9	suffix	imweb.io
rule	9	suffix	in.th
rule	9	suffix	inanguapi.com
rule	9	suffix	incopat.com
rule	9	suffix	indienova.com
rule	9	suffix	infinitynewtab.com
rule	9	suffix	infoq.com
rule	9	suffix	infoqstatic.com
rule	9	suffix	inftab.com
rule	9	suffix	inkuai.com
rule	9	suffix	inkwai.com
rule	9	suffix	inspirecloud.com
rule	9	suffix	insta360.com
rule	9	suffix	instreet.com
rule	9	suffix	inte.sogou.com
rule	9	suffix	inte.sogoucdn.com
rule	9	suffix	intsig.com
rule	9	suffix	intsig.net
rule	9	suffix	ioppo.net
rule	9	suffix	iotronic.tech
rule	9	suffix	ip-cdn.com
rule	9	suffix	ip138.com
rule	9	suffix	ipanda.com
rule	9	suffix	ipanda.net
rule	9	suffix	ipchaxun.com
rule	9	suffix	ipchaxun.net
rule	9	suffix	ipip.net
rule	9	suffix	iplaysoft.com
rule	9	suffix	ipplus360.com
rule	9	suffix	iprdp.net
rule	9	suffix	ipshu.com
rule	9	suffix	ipshudi.com
rule	9	suffix	ipssh.net
rule	9	suffix	iqiyi.com
rule	9	suffix	iqiyipic.com
rule	9	suffix	iqoo.com
rule	9	suffix	iranshao.com
rule	9	suffix	ireader.com
rule	9	suffix	irs01.com
rule	9	suffix	irsnp.com
rule	9	suffix	isd.com
rule	9	suffix	isdspeed.qq.com
rule	9	suffix	isealsuite.com
rule	9	suffix	ishumei.com
rule	9	suffix	ispqcloud.com
rule	9	suffix	istoreos.com
rule	9	suffix	isvjcloud.com
rule	9	suffix	isvjd.com
rule	9	suffix	isxtv.com
rule	9	suffix	it165.net
rule	9	suffix	it168.com
rule	9	suffix	it610.com
rule	9	suffix	iteye.com
rule	9	suffix	ithome.com
rule	9	suffix	itjuzi.com
rule	9	suffix	itmanager.club
rule	9	suffix	itmop.com
rule	9	suffix	itopsdk.com
rule	9	suffix	itoutiaoliving.com
rule	9	suffix	itpub.net
rule	9	suffix	itsk.com
rule	9	suffix	iuynfg.com
rule	9	suffix	ivolces.com
rule	9	suffix	ivweb.io
rule	9	suffix	ivwen.com
rule	9	suffix	iwanad.baidu.com
rule	9	suffix	ixgvideo.com
rule	9	suffix	ixigua.com
rule	9	suffix	ixiguapi.com
rule	9	suffix	ixiguavideo.com
rule	9	suffix	iyiou.com
rule	9	suffix	iyunmu.com
rule	9	suffix	iyunxiao.com
rule	9	suffix	izto.com
rule	9	suffix	iztzq.com
rule	9	suffix	izuche.com
rule	9	suffix	izuchebao.com
rule	9	suffix	j-test.com
rule	9	suffix	ja.gamersky.com
rule	9	suffix	ja1.gamersky.com
rule	9	suffix	ja2.gamersky.com
rule	9	suffix	jamcz.com
rule	9	suffix	jandan.net
rule	9	suffix	jb51.com
rule	9	suffix	jb51.net
rule	9	suffix	jbcz.tv
rule	9	suffix	jchat.io
rule	9	suffix	jcloud-cache.com
rule	9	suffix	jcloud-cache.net
rule	9	suffix	jcloud-cdn.com
rule	9	suffix	jcloud-live.com
rule	9	suffix	jcloud-oss.com
rule	9	suffix	jcloud.com
rule	9	suffix	jcloudcache.com
rule	9	suffix	jcloudcache.net
rule	9	suffix	jcloudcs.com
rule	9	suffix	jclouddn.com
rule	9	suffix	jclouddns.com
rule	9	suffix	jclouddns.net
rule	9	suffix	jcloudec.com
rule	9	suffix	jcloudedge.com
rule	9	suffix	jcloudedge.net
rule	9	suffix	jcloudgslb.com
rule	9	suffix	jcloudgslb.net
rule	9	suffix	jcloudimg.com
rule	9	suffix	jcloudimg.net
rule	9	suffix	jcloudlb.com
rule	9	suffix	jcloudlb.net
rule	9	suffix	jcloudlive.com
rule	9	suffix	jcloudlv.com
rule	9	suffix	jcloudoss.com
rule	9	suffix	jcloudresolve.com
rule	9	suffix	jcloudresolve.net
rule	9	suffix	jcloudss.com
rule	9	suffix	jcloudstatic.com
rule	9	suffix	jcloudstatic.net
rule	9	suffix	jcloudvideo.com
rule	9	suffix	jcloudvideo.net
rule	9	suffix	jclps.com
rule	9	suffix	jd-app.com
rule	9	suffix	jd-ex.com
rule	9	suffix	jd-ex.net
rule	9	suffix	jd.com
rule	9	suffix	jd.shop
rule	9	suffix	jdair.net
rule	9	suffix	jdbusiness.com
rule	9	suffix	jdcache.com
rule	9	suffix	jdcdn.com
rule	9	suffix	jdcloud-api.com
rule	9	suffix	jdcloud-api.net
rule	9	suffix	jdcloud-edu.com
rule	9	suffix	jdcloud-elite.com
rule	9	suffix	jdcloud-elive.com
rule	9	suffix	jdcloud-livebuy.com
rule	9	suffix	jdcloud-mail.com
rule	9	suffix	jdcloud-openapi.com
rule	9	suffix	jdcloud-oss.com
rule	9	suffix	jdcloud.com
rule	9	suffix	jdcloudcache.com
rule	9	suffix	jdcloudcache.net
rule	9	suffix	jdcloudcdn.com
rule	9	suffix	jdcloudcdn.net
rule	9	suffix	jdcloudcs.com
rule	9	suffix	jdclouddns.com
rule	9	suffix	jdclouddns.net
rule	9	suffix	jdcloudedge.com
rule	9	suffix	jdcloudedge.net
rule	9	suffix	jdcloudlb.com
rule	9	suffix	jdcloudlb.net
rule	9	suffix	jdcloudlive.com
rule	9	suffix	jdcloudlive.net
rule	9	suffix	jdcloudresolve.com
rule	9	suffix	jdcloudresolve.net
rule	9	suffix	jdcloudsite.com
rule	9	suffix	jdcloudstatic.com
rule	9	suffix	jdcloudstatic.net
rule	9	suffix	jdcloudstatus.com
rule	9	suffix	jdcloudstatus.net
rule	9	suffix	jdcloudvideo.com
rule	9	suffix	jdcloudvideo.net
rule	9	suffix	jdcloudwaf.com
rule	9	suffix	jddapeigou.com
rule	9	suffix	jddebug.com
rule	9	suffix	jddglobal.com
rule	9	suffix	jdemall.com
rule	9	suffix	jdfw1.com
rule	9	suffix	jdgslb.com
rule	9	suffix	jdgslb.net
rule	9	suffix	jdh.com
rule	9	suffix	jdjinrong.com
rule	9	suffix	jdl.com
rule	9	suffix	jdpay.com
rule	9	suffix	jdpaydns.com
rule	9	suffix	jduoduo.com
rule	9	suffix	jdwl.com
rule	9	suffix	jdx.com
rule	9	suffix	jet-ego.com
rule	9	suffix	jet-logistics.com
rule	9	suffix	jetlogistic.com
rule	9	suffix	jfdaily.com
rule	9	suffix	jhgtgb.com
rule	9	suffix	jhscm.com
rule	9	suffix	jia.com
rule	9	suffix	jiameng.com
rule	9	suffix	jianbihua.com
rule	9	suffix	jiangningwater.com
rule	9	suffix	jianguoyun.com
rule	9	suffix	jianshu.com
rule	9	suffix	jianshu.io
rule	9	suffix	jianshuapi.com
rule	9	suffix	jianying.com
rule	9	suffix	jianyuweb.com
rule	9	suffix	jianzhi8.com
rule	9	suffix	jiaodong.net
rule	9	suffix	jiaoyimao.com
rule	9	suffix	jiashule.com
rule	9	suffix	jiasu.bohe.com
rule	9	suffix	jiasuhui.com
rule	9	suffix	jiasule.com
rule	9	suffix	jiathis.com
rule	9	suffix	jiayuan.com
rule	9	suffix	jiazhao.com
rule	9	suffix	jibencaozuo.com
rule	9	suffix	jiemeng8.com
rule	9	suffix	jiemian.com
rule	9	suffix	jike.city
rule	9	suffix	jikecdn.com
rule	9	suffix	jikeiot.cloud
rule	9	suffix	jikexueyuan.com
rule	9	suffix	jikipedia.com
rule	9	suffix	jin10.com
rule	9	suffix	jindidata.com
rule	9	suffix	jingdong.com
rule	9	suffix	jingdongjinrong.com
rule	9	suffix	jingheiot.com
rule	9	suffix	jinglingbiaozhu.com
rule	9	suffix	jingpinhui.com
rule	9	suffix	jingxi.com
rule	9	suffix	jinianbi.com
rule	9	suffix	jinrishici.com
rule	9	suffix	jinritemai.com
rule	9	suffix	jinrongren.net
rule	9	suffix	jinse.com
rule	9	suffix	jinshuju.net
rule	9	suffix	jinshujucdn.com
rule	9	suffix	jintdev.com
rule	9	suffix	jinti.com
rule	9	suffix	jiqizhixin.com
rule	9	suffix	jisuanke.com
rule	9	suffix	jisuxia.com
rule	9	suffix	jiuyue919.com
rule	9	suffix	jiuzhilan.com
rule	9	suffix	jj20.com
rule	9	suffix	jjwxc.net
rule	9	suffix	jkbl.com
rule	9	suffix	jkcsjd.com
rule	9	suffix	jlc-3dp.com
rule	9	suffix	jlc-bbs.com
rule	9	suffix	jlc-cad.com
rule	9	suffix	jlc-cam.com
rule	9	suffix	jlc-cnc.com
rule	9	suffix	jlc-dfm.com
rule	9	suffix	jlc-drm.com
rule	9	suffix	jlc-ecad.com
rule	9	suffix	jlc-erp.com
rule	9	suffix	jlc-fpc.com
rule	9	suffix	jlc-gw.com
rule	9	suffix	jlc-jh.com
rule	9	suffix	jlc-layout.com
rule	9	suffix	jlc-pcb.com
rule	9	suffix	jlc-smt.com
rule	9	suffix	jlc-zh.com
rule	9	suffix	jlc.com
rule	9	suffix	jlccad.com
rule	9	suffix	jlccam.com
rule	9	suffix	jlccnc.com
rule	9	suffix	jlcdfm.com
rule	9	suffix	jlcecad.com
rule	9	suffix	jlceda.com
rule	9	suffix	jlcerp.com
rule	9	suffix	jlcfa.com
rule	9	suffix	jlcops.com
rule	9	suffix	jlcsj.com
rule	9	suffix	jlcsmt.com
rule	9	suffix	jmgo.com
rule	9	suffix	jmlk.co
rule	9	suffix	jmstatic.com
rule	9	suffix	job5588.com
rule	9	suffix	job910.com
rule	9	suffix	jobjm.com
rule	9	suffix	jokecommunity.com
rule	9	suffix	jokecommunity.net
rule	9	suffix	jomocdn.net
rule	9	suffix	jomodns.com
rule	9	suffix	jomodns.net
rule	9	suffix	jomoxc.com
rule	9	suffix	joybuy.com
rule	9	suffix	joybuy.es
rule	9	suffix	joying.com
rule	9	suffix	jpmorganchina.com
rule	9	suffix	jpush.io
rule	9	suffix	jpushoa.com
rule	9	suffix	jsbc.com
rule	9	suffix	jsdmirror.com
rule	9	suffix	jsehealth.com
rule	9	suffix	jsj.top
rule	9	suffix	jslife.net
rule	9	suffix	jsrdgg.com
rule	9	suffix	jstti.com
rule	9	suffix	jstv.com
rule	9	suffix	jsw118.com
rule	9	suffix	jsyks.com
rule	9	suffix	jtamac.com
rule	9	suffix	jtamc.com
rule	9	suffix	jtexpress.com
rule	9	suffix	jtexpress.top
rule	9	suffix	jtfulfillment.com
rule	9	suffix	jtg2g.com
rule	9	suffix	jtjms-ae.com
rule	9	suffix	jtjms-br.com
rule	9	suffix	jtjms-eg.com
rule	9	suffix	jtjms-mx.com
rule	9	suffix	jtjms-sa.com
rule	9	suffix	juefeng.com
rule	9	suffix	juejin.im
rule	9	suffix	juequling.com
rule	9	suffix	jugongdan.com
rule	9	suffix	juhuasuan.com
rule	9	suffix	juhuiwan.com
rule	9	suffix	juhuiwan.net
rule	9	suffix	julive.com
rule	9	suffix	jumei.com
rule	9	suffix	juneyaoair.com
rule	9	suffix	jushuitan-inc.com
rule	9	suffix	jushuitan.com
rule	9	suffix	jushuitan.net
rule	9	suffix	jutongbao.online
rule	9	suffix	jutongbao.top
rule	9	suffix	juwan.com
rule	9	suffix	juxia.com
rule	9	suffix	juxieyun.com
rule	9	suffix	juziwulian.com
rule	9	suffix	jxedt.com
rule	9	suffix	jxksw.net
rule	9	suffix	jxpp.com
rule	9	suffix	jyeoo.com
rule	9	suffix	jyeoo.net
rule	9	suffix	jyimg.com
rule	9	suffix	jzagile.com
rule	9	suffix	jzfz.net
rule	9	suffix	jzsec.com
rule	9	suffix	jzt.jd.com
rule	9	suffix	jztvnews.com
rule	9	suffix	k366.com
rule	9	suffix	kaadas.com
rule	9	suffix	kaifayun.com
rule	9	suffix	kaifubiao.com
rule	9	suffix	kaihong.com
rule	9	suffix	kaipanhong.com
rule	9	suffix	kaipuyun.com
rule	9	suffix	kaipuyun.net
rule	9	suffix	kaixin001.com
rule	9	suffix	kameng98.com
rule	9	suffix	kanbox.com
rule	9	suffix	kanimg.com
rule	9	suffix	kankanews.com
rule	9	suffix	kankannews.com
rule	9	suffix	kantianqi.net
rule	9	suffix	kanxue.com
rule	9	suffix	kanzhun.com
rule	9	suffix	kaola.com
rule	9	suffix	kaolacdn.com
rule	9	suffix	kaopu001.com
rule	9	suffix	kcbebank.com
rule	9	suffix	kd100.com
rule	9	suffix	kdslife.com
rule	9	suffix	ke.com
rule	9	suffix	keboyunxiao.com
rule	9	suffix	kechuang.org
rule	9	suffix	keep.com
rule	9	suffix	keepcdn.com
rule	9	suffix	kejet.net
rule	9	suffix	kekeniu.com
rule	9	suffix	kesong.co
rule	9	suffix	ketangpai.com
rule	9	suffix	kexinshe.com
rule	9	suffix	kf5.com
rule	9	suffix	kfcbest.com
rule	9	suffix	kfzimg.com
rule	9	suffix	kgimg.com
rule	9	suffix	kidsccshow.com
rule	9	suffix	kimi.com
rule	9	suffix	kimiss.com
rule	9	suffix	kingdee.com
rule	9	suffix	kinghomechina.com
rule	9	suffix	kingsoft-office-service.com
rule	9	suffix	kingsoft.com
rule	9	suffix	kiyuu.club
rule	9	suffix	kjcdn.com
rule	9	suffix	kjwugx.com
rule	9	suffix	kk1.vip
rule	9	suffix	kkmh.com
rule	9	suffix	kksmg.com
rule	9	suffix	kkzj.com
rule	9	suffix	klpbbs.com
rule	9	suffix	knewsmart.com
rule	9	suffix	kongfz.com
rule	9	suffix	koocdn.com
rule	9	suffix	kookong.com
rule	9	suffix	koolearn.com
rule	9	suffix	koopass.com
rule	9	suffix	koowo.com
rule	9	suffix	koubei.com
rule	9	suffix	kouclo.com
rule	9	suffix	koudai.com
rule	9	suffix	koudai8.com
rule	9	suffix	kq7.com
rule	9	suffix	ks-cdn.com
rule	9	suffix	ks-cdn1.com
rule	9	suffix	ks-live.com
rule	9	suffix	ksapisrv.com
rule	9	suffix	kscord.com
rule	9	suffix	kskwai.com
rule	9	suffix	ksmobile.com
rule	9	suffix	ksord.com
rule	9	suffix	ksosoft.com
rule	9	suffix	ksyun.com
rule	9	suffix	ksyuncdn.com
rule	9	suffix	ksyungslb.com
rule	9	suffix	ktv.com
rule	9	suffix	ku6.com
rule	9	suffix	ku6cdn.com
rule	9	suffix	ku6img.com
rule	9	suffix	kuaaa.com
rule	9	suffix	kuaidi100.com
rule	9	suffix	kuaidilab.com
rule	9	suffix	kuaiduizuoye.com
rule	9	suffix	kuaihou.com
rule	9	suffix	kuaiji.com
rule	9	suffix	kuaikanmanhua.com
rule	9	suffix	kuailepipixia.com
rule	9	suffix	kuaishou.com
rule	9	suffix	kuaishou.httpdns.pro
rule	9	suffix	kuaishouapps.com
rule	9	suffix	kuaishoupay.com
rule	9	suffix	kuaishouzt.com
rule	9	suffix	kuaizhan.com
rule	9	suffix	kuajing84.com
rule	9	suffix	kuangxiangit.com
rule	9	suffix	kugoo.com
rule	9	suffix	kugou.com
rule	9	suffix	kugou.net
rule	9	suffix	kugouaudio.com
rule	9	suffix	kugouipv6.com
rule	9	suffix	kugoukid.com
rule	9	suffix	kugouliveshow.com
rule	9	suffix	kugouringtone.com
rule	9	suffix	kugousenior.com
rule	9	suffix	kugoustore.com
rule	9	suffix	kugouvoice.com
rule	9	suffix	kugouyouth.com
rule	9	suffix	kujiale.com
rule	9	suffix	kujiang.com
rule	9	suffix	kumiao.com
rule	9	suffix	kunlunaq.com
rule	9	suffix	kunlunar.com
rule	9	suffix	kunlunca.com
rule	9	suffix	kunluncan.com
rule	9	suffix	kunlunea.com
rule	9	suffix	kunlungem.com
rule	9	suffix	kunlungr.com
rule	9	suffix	kunlunhuf.com
rule	9	suffix	kunlunle.com
rule	9	suffix	kunlunli.com
rule	9	suffix	kunlunno.com
rule	9	suffix	kunlunpi.com
rule	9	suffix	kunlunra.com
rule	9	suffix	kunlunsa.com
rule	9	suffix	kunlunsc.com
rule	9	suffix	kunlunsl.com
rule	9	suffix	kunlunso.com
rule	9	suffix	kunlunta.com
rule	9	suffix	kunlunvi.com
rule	9	suffix	kunlunwe.com
rule	9	suffix	kuqin.com
rule	9	suffix	kurogames.com
rule	9	suffix	kuyiso.com
rule	9	suffix	kwaicdn.com
rule	9	suffix	kwaizt.com
rule	9	suffix	kwimgs.com
rule	9	suffix	kych5.com
rule	9	suffix	lady8844.com
rule	9	suffix	lagou.com
rule	9	suffix	laiwang.com
rule	9	suffix	lancdn.com
rule	9	suffix	landian.vip
rule	9	suffix	landian.xyz
rule	9	suffix	landiannews.com
rule	9	suffix	langrenclub.com
rule	9	suffix	lanhuapp.com
rule	9	suffix	lanosso.com
rule	9	suffix	lanrar.com
rule	9	suffix	lanzou.com
rule	9	suffix	lanzoub.com
rule	9	suffix	lanzouc.com
rule	9	suffix	lanzoue.com
rule	9	suffix	lanzouf.com
rule	9	suffix	lanzoug.com
rule	9	suffix	lanzouh.com
rule	9	suffix	lanzoui.com
rule	9	suffix	lanzouj.com
rule	9	suffix	lanzouk.com
rule	9	suffix	lanzoul.com
rule	9	suffix	lanzoum.com
rule	9	suffix	lanzouo.com
rule	9	suffix	lanzoup.com
rule	9	suffix	lanzouq.com
rule	9	suffix	lanzous.com
rule	9	suffix	lanzout.com
rule	9	suffix	lanzouu.com
rule	9	suffix	lanzouv.com
rule	9	suffix	lanzouw.com
rule	9	suffix	lanzoux.com
rule	9	suffix	lanzouy.com
rule	9	suffix	lanzov.com
rule	9	suffix	laoban100.com
rule	9	suffix	laomaotao.net
rule	9	suffix	laomaotao.org
rule	9	suffix	lapin365.com
rule	9	suffix	lark-passport-qa-sg.net
rule	9	suffix	larkcloud.com
rule	9	suffix	larkcloud.net
rule	9	suffix	larkfn.com
rule	9	suffix	larkmeetings.com
rule	9	suffix	larkoffice.com
rule	9	suffix	larkofficeapp-boe.com
rule	9	suffix	larkofficeapp-pre.com
rule	9	suffix	larkofficeapp.com
rule	9	suffix	larkofficeboe.com
rule	9	suffix	larkofficecdn.com
rule	9	suffix	larkofficeimg.com
rule	9	suffix	larkofficepkg.com
rule	9	suffix	larkofficepre.com
rule	9	suffix	larkrooms.com
rule	9	suffix	larksuite-pre.com
rule	9	suffix	larksuite.com
rule	9	suffix	larksuite.com.ttdns1.com
rule	9	suffix	larksuite.com.ttdns2.com
rule	9	suffix	larksuitecdn.com
rule	9	suffix	larksuiteimg-boe.com
rule	9	suffix	larksuiteimg-pre.com
rule	9	suffix	larksuiteimg.com
rule	9	suffix	larkvc.com
rule	9	suffix	larsonlimited.com
rule	9	suffix	lascn.net
rule	9	suffix	latepost.com
rule	9	suffix	lawxp.com
rule	9	suffix	lawyee.org
rule	9	suffix	lazada.com
rule	9	suffix	lazycat.cloud
rule	9	suffix	lazyer.net
rule	9	suffix	lbtp.com
rule	9	suffix	lckfb.com
rule	9	suffix	lczq.com
rule	9	suffix	ld246.com
rule	9	suffix	ldmnq.com
rule	9	suffix	le.com
rule	9	suffix	leangoo.com
rule	9	suffix	leanote.com
rule	9	suffix	leautolink.com
rule	9	suffix	lebo.top
rule	9	suffix	lecloud.com
rule	9	suffix	lecloudapi.com
rule	9	suffix	ledu.com
rule	9	suffix	leetcode-cn.com
rule	9	suffix	leigod.com
rule	9	suffix	leigodjsq.com
rule	9	suffix	leikeji.com
rule	9	suffix	leiniao.com
rule	9	suffix	leiphone.com
rule	9	suffix	leiting.com
rule	9	suffix	leju.com
rule	9	suffix	lemall.com
rule	9	suffix	lenauth.com
rule	9	suffix	lenovo.com
rule	9	suffix	lenovo.com.cdn.cloudflare.net
rule	9	suffix	lenovo.net
rule	9	suffix	lenovocloudos.com
rule	9	suffix	lenovoeservice.com
rule	9	suffix	lenovofile.com
rule	9	suffix	lenovogame.com
rule	9	suffix	lenovoimage.com
rule	9	suffix	lenovomm.com
rule	9	suffix	lenovomobile.com
rule	9	suffix	lenovonetapp.com
rule	9	suffix	lenovopoc.com
rule	9	suffix	lenovoprinter.com
rule	9	suffix	lenovoprinter.net
rule	9	suffix	leturich.org
rule	9	suffix	letv.com
rule	9	suffix	letvcdn.com
rule	9	suffix	letvimg.com
rule	9	suffix	lf126.net
rule	9	suffix	lf127.net
rule	9	suffix	lg3000.top
rule	9	suffix	lgstatic.com
rule	9	suffix	lhzq.com
rule	9	suffix	liangxinyao.com
rule	9	suffix	lianjia.com
rule	9	suffix	lianmeng.360.cn
rule	9	suffix	lianmishu.com
rule	9	suffix	liantu.com
rule	9	suffix	lianzhuli.com
rule	9	suffix	liaoxuefeng.com
rule	9	suffix	liba.com
rule	9	suffix	libaclub.com
rule	9	suffix	liblib.art
rule	9	suffix	liblib.cloud
rule	9	suffix	liblib.tv
rule	9	suffix	libvideo.com
rule	9	suffix	liepin.com
rule	9	suffix	lietou-static.com
rule	9	suffix	lietou.com
rule	9	suffix	lieyunwang.com
rule	9	suffix	lightmake.site
rule	9	suffix	lightonus.com
rule	9	suffix	likuso.com
rule	9	suffix	linakesi.com
rule	9	suffix	lingkou.com
rule	9	suffix	lingkou.xyz
rule	9	suffix	linglong.space
rule	9	suffix	linglonglife.com
rule	9	suffix	lingshoujia.com
rule	9	suffix	linkvans.com
rule	9	suffix	linliyz.com
rule	9	suffix	linsn.com
rule	9	suffix	linuxidc.com
rule	9	suffix	liqucn.com
rule	9	suffix	liulanqi.net
rule	9	suffix	liulishuo.com
rule	9	suffix	liuxiaoer.com
rule	9	suffix	liuxing.com
rule	9	suffix	live800.com
rule	9	suffix	livecdnstatic.com
rule	9	suffix	livechina.com
rule	9	suffix	liweijia.com
rule	9	suffix	lixiang.com
rule	9	suffix	lixinger.com
rule	9	suffix	lizhi.fm
rule	9	suffix	lizhifm.com
rule	9	suffix	ljcdn.com
rule	9	suffix	lkcoffee.com
rule	9	suffix	lkkbrand.com
rule	9	suffix	llsapp.com
rule	9	suffix	llscdn.com
rule	9	suffix	llsserver.com
rule	9	suffix	lnlib.net
rule	9	suffix	local-ip.online
rule	9	suffix	lofter.com
rule	9	suffix	lofter.httpdns.c.163.com
rule	9	suffix	log-upload.mihoyo.com
rule	9	suffix	log.hunantv.com
rule	9	suffix	log.mix.sina.com.cn
rule	9	suffix	log.sina.cn
rule	9	suffix	log.tbs.qq.com
rule	9	suffix	log.umtrack.com
rule	9	suffix	log.v2.hunantv.com
rule	9	suffix	log.zijieapi.com
rule	9	suffix	log2.sina.cn
rule	9	suffix	logiseasy.com
rule	9	suffix	logs.amap.com
rule	9	suffix	logupdate.avlyun.sec.miui.com
rule	9	suffix	longhoo.net
rule	9	suffix	longre.com
rule	9	suffix	longtugame.com
rule	9	suffix	longzhu.com
rule	9	suffix	lorhf.com
rule	9	suffix	lotpc.com
rule	9	suffix	loupan.com
rule	9	suffix	lppz.com
rule	9	suffix	lppzimg.com
rule	9	suffix	lrts.me
rule	9	suffix	lsplayer.com
rule	9	suffix	lstat.youku.com
rule	9	suffix	lu.com
rule	9	suffix	lu.sogou.com
rule	9	suffix	lu.sogoucdn.com
rule	9	suffix	luckincoffeecdn.com
rule	9	suffix	luckyair.net
rule	9	suffix	luckysf.net
rule	9	suffix	ludashi.com
rule	9	suffix	ludoworld.net
rule	9	suffix	lufax.com
rule	9	suffix	lufaxcdn.com
rule	9	suffix	lufunds.com
rule	9	suffix	lunwengo.net
rule	9	suffix	luojilab.com
rule	9	suffix	luyouqi.com
rule	9	suffix	lvmama.com
rule	9	suffix	lvsexitong.com
rule	9	suffix	lvtds.com
rule	9	suffix	lwurl.to
rule	9	suffix	lx.pub
rule	9	suffix	lx.run
rule	9	suffix	lxdns.com
rule	9	suffix	lxdns.info
rule	9	suffix	lxdns.net
rule	9	suffix	lxdns.org
rule	9	suffix	lxjiasu.com
rule	9	suffix	lxway.com
rule	9	suffix	lxzjjt.com
rule	9	suffix	ly.com
rule	9	suffix	lydaas.com
rule	9	suffix	lydaas.net
rule	9	suffix	lydass.net
rule	9	suffix	m-adash.m.taobao.com
rule	9	suffix	m.aty.sohu.com
rule	9	suffix	m1.run
rule	9	suffix	m1905.com
rule	9	suffix	m6.run
rule	9	suffix	m9.run
rule	9	suffix	ma.run
rule	9	suffix	mafengwo.com
rule	9	suffix	mafengwo.net
rule	9	suffix	magedu.com
rule	9	suffix	mahjongai.net
rule	9	suffix	mahjongcup.com
rule	9	suffix	mahjongcup.net
rule	9	suffix	mail4399.com
rule	9	suffix	maimemo.com
rule	9	suffix	maimemostatus.com
rule	9	suffix	maindown4399.com
rule	9	suffix	maisanqi.com
rule	9	suffix	maitix.com
rule	9	suffix	maixhub.com
rule	9	suffix	mamayz.com
rule	9	suffix	mamecn.com
rule	9	suffix	manhuatai.com
rule	9	suffix	manmanbuy.com
rule	9	suffix	manmankan.com
rule	9	suffix	maoercdn.com
rule	9	suffix	maoxiangai.com
rule	9	suffix	maoyan.com
rule	9	suffix	maoyun.com
rule	9	suffix	maoyuncloud.com
rule	9	suffix	mapbar.com
rule	9	suffix	marketing.alibaba.com
rule	9	suffix	markji.com
rule	9	suffix	matpool.com
rule	9	suffix	matpool.net
rule	9	suffix	max-c.com
rule	9	suffix	maxjia.com
rule	9	suffix	maxonesoft.com
rule	9	suffix	mayi.com
rule	9	suffix	mayihr.com
rule	9	suffix	mayshijia.com
rule	9	suffix	mbalib.com
rule	9	suffix	mbdlog.iqiyi.com
rule	9	suffix	mblyun.com
rule	9	suffix	mcbaas.work
rule	9	suffix	mcbang.com
rule	9	suffix	mcbbs.net
rule	9	suffix	mcdemo.show
rule	9	suffix	mchost.guru
rule	9	suffix	mcs.snssdk.com
rule	9	suffix	mdeer.com
rule	9	suffix	mdpda.com
rule	9	suffix	mdt.qq.com
rule	9	suffix	me1.ltd
rule	9	suffix	me4399.com
rule	9	suffix	mechina.org
rule	9	suffix	mechrevo.com
rule	9	suffix	media.paperclipclub.net
rule	9	suffix	mediastory.cc
rule	9	suffix	mediav.com
rule	9	suffix	medicexam.net
rule	9	suffix	meegobeta.com
rule	9	suffix	mei.com
rule	9	suffix	meican.com
rule	9	suffix	meicanstatic.com
rule	9	suffix	meifang.com
rule	9	suffix	meika360.com
rule	9	suffix	meilishuo.com
rule	9	suffix	meimingteng.com
rule	9	suffix	meipian.me
rule	9	suffix	meiqia.com
rule	9	suffix	meishichina.com
rule	9	suffix	meishij.net
rule	9	suffix	meitu.com
rule	9	suffix	meituan.com
rule	9	suffix	meituan.net
rule	9	suffix	meitudata.com
rule	9	suffix	meitustat.com
rule	9	suffix	meiwulist.com
rule	9	suffix	meizu.com
rule	9	suffix	meloong.com
rule	9	suffix	mengtuoshi.wang
rule	9	suffix	merach.com
rule	9	suffix	meta.law
rule	9	suffix	metalrevolution.com
rule	9	suffix	mfcteda.com
rule	9	suffix	mgslb.com
rule	9	suffix	mgtv.com
rule	9	suffix	mhystatic.com
rule	9	suffix	mi-idc.com
rule	9	suffix	mi-img.com
rule	9	suffix	mi.com
rule	9	suffix	miaibox.com
rule	9	suffix	miao.baidu.com
rule	9	suffix	miaobolive.com
rule	9	suffix	miaomiaoz.com
rule	9	suffix	miaomiaozhe.com
rule	9	suffix	miaopai.com
rule	9	suffix	miaostreet.com
rule	9	suffix	miaowu.baidu.com
rule	9	suffix	miaoyanai.com
rule	9	suffix	miaozhen.com
rule	9	suffix	midasbuy.com
rule	9	suffix	midea.com
rule	9	suffix	mideaepayuat.com
rule	9	suffix	miercn.com
rule	9	suffix	mifon.com
rule	9	suffix	migames.com
rule	9	suffix	migucloud.com
rule	9	suffix	migufun.com
rule	9	suffix	miguvideo.com
rule	9	suffix	mihayo.com
rule	9	suffix	mihayou.com
rule	9	suffix	mihoyo.com
rule	9	suffix	mihoyocg.com
rule	9	suffix	mihoyogift.com
rule	9	suffix	mihoyomall.com
rule	9	suffix	mihuashi.com
rule	9	suffix	mijia.tech
rule	9	suffix	mijisou.com
rule	9	suffix	mikecrm.com
rule	9	suffix	minapp.com
rule	9	suffix	mincdn.com
rule	9	suffix	mingxuan.store
rule	9	suffix	mingyuanyun.com
rule	9	suffix	minhangshi.com
rule	9	suffix	minimaxi.com
rule	9	suffix	minitiao.com
rule	9	suffix	miot-spec.org
rule	9	suffix	mipay.com
rule	9	suffix	mipcache.bdstatic.com
rule	9	suffix	mipcdn.com
rule	9	suffix	mirrors.yun-idc.com
rule	9	suffix	misc.in.duokanbox.com
rule	9	suffix	missjia.net
rule	9	suffix	mitvos.com
rule	9	suffix	miui.com
rule	9	suffix	miusi.co
rule	9	suffix	miwifi.com
rule	9	suffix	mixer.sina.cn
rule	9	suffix	miyatech.com
rule	9	suffix	miyoushe.com
rule	9	suffix	mjia.cc
rule	9	suffix	mmarket.com
rule	9	suffix	mmarket6.com
rule	9	suffix	mmbang.com
rule	9	suffix	mmbang.info
rule	9	suffix	mmstat.com
rule	9	suffix	mndqlib.net
rule	9	suffix	mob.com
rule	9	suffix	mobads-logs.baidu.com
rule	9	suffix	mobads-pre-config.cdn.bcebos.com
rule	9	suffix	mobads.baidu.com
rule	9	suffix	mobilemsg.youku.com
rule	9	suffix	mobmore.com
rule	9	suffix	mobsdks.com
rule	9	suffix	modelarts-infer.com
rule	9	suffix	modelarts-maas.com
rule	9	suffix	moegirl.org
rule	9	suffix	mofang.com
rule	9	suffix	mofazhu.com
rule	9	suffix	mogoo.com
rule	9	suffix	mogu.com
rule	9	suffix	mogucdn.com
rule	9	suffix	mogujie.com
rule	9	suffix	moji.com
rule	9	suffix	mojichina.com
rule	9	suffix	mojidict.com
rule	9	suffix	mokahr.com
rule	9	suffix	moleecel.com
rule	9	suffix	monika.love
rule	9	suffix	monitor.music.qq.com
rule	9	suffix	monitor.uu.qq.com
rule	9	suffix	moocollege.com
rule	9	suffix	moonshot.ai
rule	9	suffix	moonvy.com
rule	9	suffix	moonvy.cool
rule	9	suffix	mop.com
rule	9	suffix	morefreegame.com
rule	9	suffix	morganstanleyhuaxin.com
rule	9	suffix	moseeker.com
rule	9	suffix	motie.com
rule	9	suffix	motieimg.com
rule	9	suffix	moulem.com
rule	9	suffix	mountain.zhidao.baidu.com
rule	9	suffix	moyubuluo.com
rule	9	suffix	mpush.qq.com
rule	9	suffix	mryys.com
rule	9	suffix	msanjia.com
rule	9	suffix	mscbsc.com
rule	9	suffix	msg.video.qiyi.com
rule	9	suffix	msg.youku.com
rule	9	suffix	msg2.video.qiyi.com
rule	9	suffix	mshare.cc
rule	9	suffix	msmartlife.com
rule	9	suffix	msstatic.com
rule	9	suffix	mszdld.com
rule	9	suffix	mszdld.net
rule	9	suffix	mszq.com
rule	9	suffix	mti100.com
rule	9	suffix	mtime.com
rule	9	suffix	mtrace.qq.com
rule	9	suffix	mtyun.com
rule	9	suffix	mukewang.com
rule	9	suffix	multilingual-volc.com
rule	9	suffix	mumayi.com
rule	9	suffix	mumbuy365.com
rule	9	suffix	muomou.com
rule	9	suffix	music.httpdns.c.163.com
rule	9	suffix	muwai.com
rule	9	suffix	muyewx.com
rule	9	suffix	muzhiwan.com
rule	9	suffix	mvad.com
rule	9	suffix	mwcdns.com
rule	9	suffix	mwcloudcdn.com
rule	9	suffix	mxhichina.com
rule	9	suffix	my-qcloud.com
rule	9	suffix	my4399.com
rule	9	suffix	my7v.com
rule	9	suffix	myalicdn.com
rule	9	suffix	myapp.com
rule	9	suffix	mychinaunicom.com
rule	9	suffix	mydown.com
rule	9	suffix	mydrivers.com
rule	9	suffix	myelasticsearch.com
rule	9	suffix	mygolbs.com
rule	9	suffix	myhuaweicloud-custom.com
rule	9	suffix	myhuaweicloud-koodrive.com
rule	9	suffix	myhuaweicloud-obs.com
rule	9	suffix	myhuaweicloud.com
rule	9	suffix	myhwcdn.com
rule	9	suffix	myhwcloudlive.com
rule	9	suffix	myhwclouds.com
rule	9	suffix	myhwclouds.net
rule	9	suffix	myimis.com
rule	9	suffix	myoppo.com
rule	9	suffix	mypaas.com
rule	9	suffix	myparallelstory.com
rule	9	suffix	myqcloud.com
rule	9	suffix	myshow360.net
rule	9	suffix	mysiteres.com
rule	9	suffix	myypark.com
rule	9	suffix	myyx618.com
rule	9	suffix	myzaker.com
rule	9	suffix	mzres.com
rule	9	suffix	nadianshi.com
rule	9	suffix	nagcloudcs.com
rule	9	suffix	naixuecha.com
rule	9	suffix	namiso.com
rule	9	suffix	nanhaicorp.com
rule	9	suffix	nanyuenews.com
rule	9	suffix	narwal.com
rule	9	suffix	narwaltech.com
rule	9	suffix	natfrp.com
rule	9	suffix	nattest-china.com
rule	9	suffix	nbsdk-baichuan.alicdn.com
rule	9	suffix	nbsdk-baichuan.taobao.com
rule	9	suffix	ndcpp.com
rule	9	suffix	nease.net
rule	9	suffix	neihancommunity.com
rule	9	suffix	neihancommunity.net
rule	9	suffix	nellit.info
rule	9	suffix	nellit.net
rule	9	suffix	nellit.xyz
rule	9	suffix	neohytung.com
rule	9	suffix	neoscholar.com
rule	9	suffix	neoschool.com
rule	9	suffix	netbian.com
rule	9	suffix	netease-inc.com
rule	9	suffix	netease.com
rule	9	suffix	netease.im
rule	9	suffix	netstatic.net
rule	9	suffix	netzz.net
rule	9	suffix	new-aaid.umeng.com
rule	9	suffix	new-aaid.umeng.com.gds.alibabadns.com
rule	9	suffix	newasp.net
rule	9	suffix	newbandeng.com
rule	9	suffix	newcoder.com
rule	9	suffix	newniu.com
rule	9	suffix	news.yxrb.net
rule	9	suffix	newupbank.com
rule	9	suffix	newyx.net
rule	9	suffix	nextstudios.com
rule	9	suffix	nextvid.net
rule	9	suffix	nextworkshop.net
rule	9	suffix	neyetwatcher.com
rule	9	suffix	nffund.com
rule	9	suffix	ngabbs.com
rule	9	suffix	ngacn.cc
rule	9	suffix	nic.xin
rule	9	suffix	nicaifu.com
rule	9	suffix	nihaoafrica.org
rule	9	suffix	ningtingche.com
rule	9	suffix	nlark.com
rule	9	suffix	nmrdata.com
rule	9	suffix	nn.com
rule	9	suffix	nnbooster.com
rule	9	suffix	nnthink.com
rule	9	suffix	nomuraoi-sec.com
rule	9	suffix	novelfm.com
rule	9	suffix	novelfmpic.com
rule	9	suffix	novelfmstatic.com
rule	9	suffix	novelfmvod.com
rule	9	suffix	nowcoder.com
rule	9	suffix	nowcoder.net
rule	9	suffix	nowcoder.org
rule	9	suffix	nowscore.com
rule	9	suffix	npmmirror.com
rule	9	suffix	nruan.com
rule	9	suffix	nsclick.baidu.com
rule	9	suffix	nsclickvideo.baidu.com
rule	9	suffix	ntalker.com
rule	9	suffix	ntp.neu.edu.cn
rule	9	suffix	ntp.ntsc.ac.cn
rule	9	suffix	ntp.org.cn
rule	9	suffix	nubia.com
rule	9	suffix	nuomi.com
rule	9	suffix	nvsheng.com
rule	9	suffix	nwcdcloud.cn
rule	9	suffix	nwcdcloud.com.cn
rule	9	suffix	nwcddns.cn
rule	9	suffix	nwcdinfosec.cn
rule	9	suffix	nx-sc.com
rule	9	suffix	nxog.top
rule	9	suffix	nzbdw.com
rule	9	suffix	nzsiteres.com
rule	9	suffix	nzwgs.com
rule	9	suffix	oadz.com
rule	9	suffix	obriccloud.com
rule	9	suffix	obricclouddw.com
rule	9	suffix	oc.umeng.com
rule	9	suffix	oceancloudapi.com
rule	9	suffix	ocwms.com
rule	9	suffix	oeeee.com
rule	9	suffix	offcn.com
rule	9	suffix	officese.com
rule	9	suffix	ofweek.com
rule	9	suffix	oi-wiki.com
rule	9	suffix	oicq88.com
rule	9	suffix	okjike.com
rule	9	suffix	okjk.co
rule	9	suffix	okooo.com
rule	9	suffix	okr.com
rule	9	suffix	ol-cdn.com
rule	9	suffix	ol-img.com
rule	9	suffix	oldboyedu.com
rule	9	suffix	oncdp.com
rule	9	suffix	oneapm.com
rule	9	suffix	onedns.net
rule	9	suffix	onegreen.net
rule	9	suffix	oneplus.com
rule	9	suffix	oneplus.net
rule	9	suffix	oneplusbbs.com
rule	9	suffix	oneplusmobile.com
rule	9	suffix	onexmail.com
rule	9	suffix	oneyac.com
rule	9	suffix	onlinedown.net
rule	9	suffix	onlinesjtu.com
rule	9	suffix	onlylady.com
rule	9	suffix	oojsq.com
rule	9	suffix	oortgslb.com
rule	9	suffix	opdown.com
rule	9	suffix	openapp.run
rule	9	suffix	openbcs.com
rule	9	suffix	openkylin.top
rule	9	suffix	openlearning.com
rule	9	suffix	openmidas.com
rule	9	suffix	openvela.com
rule	9	suffix	oppo.com
rule	9	suffix	oppo.mobi
rule	9	suffix	oppocolor.com
rule	9	suffix	oppocoloros.com
rule	9	suffix	oppodigital.com
rule	9	suffix	oppoer.me
rule	9	suffix	oppomobile.com
rule	9	suffix	oppopay.com
rule	9	suffix	oppowork.com
rule	9	suffix	opstatics.com
rule	9	suffix	optimus-ads.amap.com
rule	9	suffix	oracle-tencent.com
rule	9	suffix	oracle-tencent.net
rule	9	suffix	oray.com
rule	9	suffix	oray.net
rule	9	suffix	orayer.com
rule	9	suffix	orayimg.com
rule	9	suffix	orient-fund.com
rule	9	suffix	originalimg.com
rule	9	suffix	originalstatic.com
rule	9	suffix	originalvod.com
rule	9	suffix	osbdf.com
rule	9	suffix	oschina.net
rule	9	suffix	oshwhub.com
rule	9	suffix	oss-cn-beijing.aliyuncs.com
rule	9	suffix	oss-cn-chengdu.aliyuncs.com
rule	9	suffix	oss-cn-guangzhou.aliyuncs.com
rule	9	suffix	oss-cn-hangzhou.aliyuncs.com
rule	9	suffix	oss-cn-heyuan.aliyuncs.com
rule	9	suffix	oss-cn-huhehaote.aliyuncs.com
rule	9	suffix	oss-cn-nanjing.aliyuncs.com
rule	9	suffix	oss-cn-qingdao.aliyuncs.com
rule	9	suffix	oss-cn-shanghai.aliyuncs.com
rule	9	suffix	oss-cn-shenzhen.aliyuncs.com
rule	9	suffix	oss-cn-wulanchabu.aliyuncs.com
rule	9	suffix	oss-cn-zhangjiakou.aliyuncs.com
rule	9	suffix	ottcn.com
rule	9	suffix	oupeng.com
rule	9	suffix	ourdvsss.com
rule	9	suffix	ourl.co
rule	9	suffix	ovscdns.com
rule	9	suffix	ovscdns.net
rule	9	suffix	owsgo.com
rule	9	suffix	ozonabc.com
rule	9	suffix	ozonbigsell.com
rule	9	suffix	p-log.ykimg.com
rule	9	suffix	p.aty.sohu.com
rule	9	suffix	p2cdn.com
rule	9	suffix	p2peye.com
rule	9	suffix	p4p.sina.com.cn
rule	9	suffix	p5w.net
rule	9	suffix	pacmantwo.com
rule	9	suffix	pagescube.com
rule	9	suffix	pailitao.com
rule	9	suffix	paipai.com
rule	9	suffix	paipaibang.com
rule	9	suffix	pandarzli.com
rule	9	suffix	pangolin-dsp-toutiao-b.com
rule	9	suffix	pangolin-dsp-toutiao.com
rule	9	suffix	pangolin-hl.snssdk.com
rule	9	suffix	pangolin-lf.snssdk.com
rule	9	suffix	pangolin-lq.snssdk.com
rule	9	suffix	pangolin-sdk-toutiao-b.com
rule	9	suffix	pangolin-sdk-toutiao.com
rule	9	suffix	pangolin-sdk-toutiao1.com
rule	9	suffix	pangolin.snssdk.com
rule	9	suffix	panplayable-toutiao-b.com
rule	9	suffix	panplayable-toutiao.com
rule	9	suffix	paopaoche.net
rule	9	suffix	papocket.com
rule	9	suffix	passport-log.youku.com
rule	9	suffix	paydxm.com
rule	9	suffix	pb.i.sogou.com
rule	9	suffix	pc6.com
rule	9	suffix	pcbeta.com
rule	9	suffix	pchome.net
rule	9	suffix	pchpic.net
rule	9	suffix	pcpop.com
rule	9	suffix	pddcdn.com
rule	9	suffix	pddim.com
rule	9	suffix	pddpic.com
rule	9	suffix	pddugc.com
rule	9	suffix	pearvideo.com
rule	9	suffix	peccn.com
rule	9	suffix	pengyoudewu.com
rule	9	suffix	pgdt.gtimg.cn
rule	9	suffix	pglstatp-sdk-toutiao.com
rule	9	suffix	pglstatp-snssdk-toutiao.com
rule	9	suffix	pglstatp-toutiao-b.com
rule	9	suffix	pglstatp-toutiao.com
rule	9	suffix	pgyer.com
rule	9	suffix	pgzs.com
rule	9	suffix	pharmacodia.com
rule	9	suffix	philanthropy.xin
rule	9	suffix	phpcomposer.com
rule	9	suffix	phpweblog.net
rule	9	suffix	phpwind.com
rule	9	suffix	phpwind.net
rule	9	suffix	piaoliang.com
rule	9	suffix	piedaochuan.top
rule	9	suffix	pigai.org
rule	9	suffix	pimlog.baidu.com
rule	9	suffix	pinduoduo.com
rule	9	suffix	pinduoduo.net
rule	9	suffix	pingan.com
rule	9	suffix	pingcap.com
rule	9	suffix	pingcode.com
rule	9	suffix	pingjs.qq.com
rule	9	suffix	pingplusplus.com
rule	9	suffix	pingwest.com
rule	9	suffix	pingxx.com
rule	9	suffix	pintu360.com
rule	9	suffix	pipaw.com
rule	9	suffix	pipaw.net
rule	9	suffix	pipix.com
rule	9	suffix	pipixiaha.com
rule	9	suffix	pixeldance.com
rule	9	suffix	piyipiba.com
rule	9	suffix	pkoplink.com
rule	9	suffix	pkulaw.com
rule	9	suffix	pl.youku.com
rule	9	suffix	plbslog.umeng.com
rule	9	suffix	pmir.3g.qq.com
rule	9	suffix	pmphmooc.com
rule	9	suffix	pn1waq.com
rule	9	suffix	podcast.xyz
rule	9	suffix	poizon-inner.com
rule	9	suffix	poizon-inner.net
rule	9	suffix	poizon-support.com
rule	9	suffix	poizon.com
rule	9	suffix	poizon.net
rule	9	suffix	policy.video.iqiyi.com
rule	9	suffix	polyv.net
rule	9	suffix	pos.baidu.com
rule	9	suffix	powerapp.io
rule	9	suffix	ppkankan01.com
rule	9	suffix	pplive.com
rule	9	suffix	pps.tv
rule	9	suffix	ppsimg.com
rule	9	suffix	pptbest.com
rule	9	suffix	pptv.com
rule	9	suffix	ppxhhh.com
rule	9	suffix	ppximg.com
rule	9	suffix	ppxstatic.com
rule	9	suffix	ppxvod.com
rule	9	suffix	prestodb-china.com
rule	9	suffix	privateapi.xyz
rule	9	suffix	proximabeta.com
rule	9	suffix	psbc.com
rule	9	suffix	pstatp.com
rule	9	suffix	puata.info
rule	9	suffix	pubghelper.com
rule	9	suffix	pubgtool.com
rule	9	suffix	pubyun.com
rule	9	suffix	puddingcat.top
rule	9	suffix	pupuapi.com
rule	9	suffix	pupumall.com
rule	9	suffix	push.qq.com
rule	9	suffix	pushcfg.com
rule	9	suffix	pv.hd.sohu.com
rule	9	suffix	pv.sohu.com
rule	9	suffix	py-axa.com
rule	9	suffix	qbitai.com
rule	9	suffix	qbox.me
rule	9	suffix	qc188.com
rule	9	suffix	qcc.com
rule	9	suffix	qcds.com
rule	9	suffix	qcloud-edumall.com
rule	9	suffix	qcloud.com
rule	9	suffix	qcloud.la
rule	9	suffix	qcloudapps.com
rule	9	suffix	qcloudcdn.com
rule	9	suffix	qcloudclass.com
rule	9	suffix	qcloudcos.com
rule	9	suffix	qclouder.com
rule	9	suffix	qcloudgme.com
rule	9	suffix	qcloudimg.com
rule	9	suffix	qcloudipv6.com
rule	9	suffix	qcloudmarket.com
rule	9	suffix	qcloudns.com
rule	9	suffix	qcloudsmartiot.com
rule	9	suffix	qcloudtcic.com
rule	9	suffix	qcloudtiw.com
rule	9	suffix	qcloudtrip.com
rule	9	suffix	qcloudtt.com
rule	9	suffix	qcloudwaf.com
rule	9	suffix	qd-metro.com
rule	9	suffix	qd.ink
rule	9	suffix	qd8.com
rule	9	suffix	qdmm.com
rule	9	suffix	qdwebim.com
rule	9	suffix	qeodns.com
rule	9	suffix	qeodns.net
rule	9	suffix	qgzb.net
rule	9	suffix	qh-cdn.com
rule	9	suffix	qh24.com
rule	9	suffix	qhcdn.com
rule	9	suffix	qhimg.com
rule	9	suffix	qhimgs0.com
rule	9	suffix	qhimgs1.com
rule	9	suffix	qhimgs2.com
rule	9	suffix	qhimgs3.com
rule	9	suffix	qhimgs4.com
rule	9	suffix	qhimgs5.com
rule	9	suffix	qhimgs6.com
rule	9	suffix	qhmsg.com
rule	9	suffix	qhres.com
rule	9	suffix	qhres2.com
rule	9	suffix	qhstatic.com
rule	9	suffix	qhupdate.com
rule	9	suffix	qiancangwms.com
rule	9	suffix	qiangbus.com
rule	9	suffix	qianjia.com
rule	9	suffix	qianlima.com
rule	9	suffix	qianwen.com
rule	9	suffix	qianxin.com
rule	9	suffix	qianxincdn.com
rule	9	suffix	qianxun.com
rule	9	suffix	qianyierp.com
rule	9	suffix	qianzhan.com
rule	9	suffix	qiaobutang.com
rule	9	suffix	qichacha.com
rule	9	suffix	qichamao.com
rule	9	suffix	qidian.com
rule	9	suffix	qie.tv
rule	9	suffix	qifeiye.com
rule	9	suffix	qihoo.com
rule	9	suffix	qihoo.net
rule	9	suffix	qihucdn.com
rule	9	suffix	qijiayoudao.net
rule	9	suffix	qikoo.com
rule	9	suffix	qiku.com
rule	9	suffix	qikucdn.com
rule	9	suffix	qiluyidian.net
rule	9	suffix	qimao.com
rule	9	suffix	qingcache.com
rule	9	suffix	qingcdn.com
rule	9	suffix	qingcloud.com
rule	9	suffix	qingdaochina.org
rule	9	suffix	qingdaonews.com
rule	9	suffix	qingfuwu.com
rule	9	suffix	qingfuwucdn.com
rule	9	suffix	qingfuwucdn.net
rule	9	suffix	qingping.co
rule	9	suffix	qingsongchou.com
rule	9	suffix	qingstor.com
rule	9	suffix	qingting.fm
rule	9	suffix	qingtingtrip.com
rule	9	suffix	qingzhouip.com
rule	9	suffix	qiniu.com
rule	9	suffix	qiniucdn.com
rule	9	suffix	qiniudn.com
rule	9	suffix	qiniudns.com
rule	9	suffix	qiniup.com
rule	9	suffix	qishui.com
rule	9	suffix	qiumibao.com
rule	9	suffix	qiuwen.wiki
rule	9	suffix	qixin.com
rule	9	suffix	qiyi.com
rule	9	suffix	qiyipic.com
rule	9	suffix	qiyukf.com
rule	9	suffix	qiyukf.net
rule	9	suffix	qizuang.com
rule	9	suffix	ql1d.com
rule	9	suffix	qlivecdn.com
rule	9	suffix	qm989.com
rule	9	suffix	qmniu.com
rule	9	suffix	qnsdk.com
rule	9	suffix	qnssl.com
rule	9	suffix	qpb.sohu.com
rule	9	suffix	qpb1.sohu.com
rule	9	suffix	qq.cn.com
rule	9	suffix	qq.com
rule	9	suffix	qq.design
rule	9	suffix	qq.wang
rule	9	suffix	qq163.com
rule	9	suffix	qq163.net
rule	9	suffix	qqdata.ab.qq.com
rule	9	suffix	qqddc.com
rule	9	suffix	qqgameapp.com
rule	9	suffix	qqgamedesign.com
rule	9	suffix	qqgexingqianming.com
rule	9	suffix	qqmail.com
rule	9	suffix	qqmra.com
rule	9	suffix	qqrizhi.com
rule	9	suffix	qqshuoshuo.com
rule	9	suffix	qschou.com
rule	9	suffix	qtlcdn.com
rule	9	suffix	qtlcdn.net
rule	9	suffix	qtmojo.com
rule	9	suffix	qualitycloud.top
rule	9	suffix	qudong.com
rule	9	suffix	quehu.com
rule	9	suffix	qugame.com
rule	9	suffix	qunar.com
rule	9	suffix	qunarcdn.com
rule	9	suffix	qunarzz.com
rule	9	suffix	qunjielong.com
rule	9	suffix	qunliao.info
rule	9	suffix	quyaoya.com
rule	9	suffix	qweather.com
rule	9	suffix	qweather.net
rule	9	suffix	qwen.ai
rule	9	suffix	qwenlm.ai
rule	9	suffix	qy.net
rule	9	suffix	qyer.com
rule	9	suffix	qyerstatic.com
rule	9	suffix	qyunapp.com
rule	9	suffix	qzhuye.com
rule	9	suffix	qznovel.com
rule	9	suffix	qznovelpic.com
rule	9	suffix	qznovelstatic.com
rule	9	suffix	qznovelvod.com
rule	9	suffix	qzone.com
rule	9	suffix	rainclassroom.com
rule	9	suffix	rainyun.com
rule	9	suffix	rdfybk.com
rule	9	suffix	rdnsdb.com
rule	9	suffix	readnovel.com
rule	9	suffix	realcybertron.com
rule	9	suffix	realme.com
rule	9	suffix	realmebbs.com
rule	9	suffix	realmemobile.com
rule	9	suffix	redmagic.com
rule	9	suffix	reke.at.sohu.com
rule	9	suffix	renren-inc.com
rule	9	suffix	renren.com
rule	9	suffix	renrendoc.com
rule	9	suffix	report.qqweb.qq.com
rule	9	suffix	report.tencentmusic.com
rule	9	suffix	res.hunantv.com
rule	9	suffix	resolve.umeng.com
rule	9	suffix	resset.com
rule	9	suffix	retcode.taobao.com
rule	9	suffix	rmbgame.net
rule	9	suffix	rmonitor.qq.com
rule	9	suffix	rmwxgame.com
rule	9	suffix	ro.com
rule	9	suffix	robomaster.com
rule	9	suffix	roborock.com
rule	9	suffix	rock-chips.com
rule	9	suffix	rockyenglish.com
rule	9	suffix	rong360.com
rule	9	suffix	rongechain.com
rule	9	suffix	rongshuxia.com
rule	9	suffix	route53.cn
rule	9	suffix	routewize.com
rule	9	suffix	rs.sinajs.cn
rule	9	suffix	rtbasia.com
rule	9	suffix	ruan8.com
rule	9	suffix	ruanmei.com
rule	9	suffix	ruby-china.org
rule	9	suffix	rubyconfchina.org
rule	9	suffix	ruguoapp.com
rule	9	suffix	ruiwen.com
rule	9	suffix	rumt-zh.com
rule	9	suffix	runoob.com
rule	9	suffix	runsheng.com
rule	9	suffix	ruseer.com
rule	9	suffix	rwkv.com
rule	9	suffix	rzrc114.com
rule	9	suffix	s-adashx.ut.youku.com
rule	9	suffix	s.360.cn
rule	9	suffix	s.so.360.cn
rule	9	suffix	s.union.360.cn
rule	9	suffix	sa.sina.cn
rule	9	suffix	saasops.tech
rule	9	suffix	saayaa.com
rule	9	suffix	saduck.top
rule	9	suffix	sagemaker.com.cn
rule	9	suffix	saibo.com
rule	9	suffix	samasty.com
rule	9	suffix	sandai.net
rule	9	suffix	sanguosha.com
rule	9	suffix	sankuai.com
rule	9	suffix	sanweihou.com
rule	9	suffix	sanwen.net
rule	9	suffix	saolife.com
rule	9	suffix	saraba1st.com
rule	9	suffix	sast.fun
rule	9	suffix	saxyit.com
rule	9	suffix	sbeacon.sina.com.cn
rule	9	suffix	sbsjk.com
rule	9	suffix	sc96655.com
rule	9	suffix	scdng.com
rule	9	suffix	schoopia.com
rule	9	suffix	sclick.baidu.com
rule	9	suffix	scm121.com
rule	9	suffix	scoregg.com
rule	9	suffix	scratch5.com
rule	9	suffix	sczsxx.com
rule	9	suffix	sdgdwljt.com
rule	9	suffix	sdkclick.mobile.sina.cn
rule	9	suffix	sdo.com
rule	9	suffix	searchstatic.com
rule	9	suffix	searchtoutiaolive.com
rule	9	suffix	seasungames.com
rule	9	suffix	sec-wiki.com
rule	9	suffix	secec.com
rule	9	suffix	seclab.online
rule	9	suffix	secrss.com
rule	9	suffix	seeed.cc
rule	9	suffix	segmentfault.com
rule	9	suffix	sencdn.com
rule	9	suffix	seniverse.com
rule	9	suffix	senlinjimore.com
rule	9	suffix	sentry.d.mi.com
rule	9	suffix	sentry.d.xiaomi.net
rule	9	suffix	sentry.music.163.com
rule	9	suffix	servicewechat.com
rule	9	suffix	sf-airlines.com
rule	9	suffix	sf-cityrush.com
rule	9	suffix	sf-express.com
rule	9	suffix	sf-financial.com
rule	9	suffix	sf-international.com
rule	9	suffix	sf-saas.com
rule	9	suffix	sf3-ttcdn-tos.pstatp.com
rule	9	suffix	sfacg.com
rule	9	suffix	sfbuy.com
rule	9	suffix	sfcar.hk
rule	9	suffix	sfccn.com
rule	9	suffix	sfgy.org
rule	9	suffix	sgamer.com
rule	9	suffix	sgsic.com
rule	9	suffix	sgtmos.com
rule	9	suffix	sgyeyou.com
rule	9	suffix	sgyouxi.com
rule	9	suffix	shanbay.com
rule	9	suffix	shang360.com
rule	9	suffix	shangc.net
rule	9	suffix	shanghairc.com
rule	9	suffix	shanghongbei.com
rule	9	suffix	shangshi360.com
rule	9	suffix	shangyexinzhi.com
rule	9	suffix	shangzhibo.tv
rule	9	suffix	shanhaitujian.com
rule	9	suffix	shanshuihotel.com
rule	9	suffix	shanxijianzhuzizhi.com
rule	9	suffix	shareintelli.com
rule	9	suffix	sharejs.com
rule	9	suffix	shebiaotm.com
rule	9	suffix	shellpub.com
rule	9	suffix	shelter-china.com
rule	9	suffix	shelterdome.net
rule	9	suffix	shengdaosoft.com
rule	9	suffix	shengyi.ai
rule	9	suffix	shengyizhuanjia.com
rule	9	suffix	shenjing.com
rule	9	suffix	shenmayouxi.com
rule	9	suffix	shenzhenair.com
rule	9	suffix	sheui.com
rule	9	suffix	shfft.com
rule	9	suffix	shgsec.com
rule	9	suffix	shhxzq.com
rule	9	suffix	shidianbaike.com
rule	9	suffix	shidianguji.com
rule	9	suffix	shifen.com
rule	9	suffix	shijiexia.com
rule	9	suffix	shimo.im
rule	9	suffix	shimonote.com
rule	9	suffix	shinescan.tech
rule	9	suffix	shixiseng.com
rule	9	suffix	shizhuang-inc.com
rule	9	suffix	shizhuang-inc.net
rule	9	suffix	shmetro.com
rule	9	suffix	shobserver.com
rule	9	suffix	shoppingads.cn
rule	9	suffix	shopss.com
rule	9	suffix	shoujihuifu.com
rule	9	suffix	shouqianba.com
rule	9	suffix	shoutanjjj.com
rule	9	suffix	shouyoubus.com
rule	9	suffix	shrbank.com
rule	9	suffix	shssp.org
rule	9	suffix	shuhai.com
rule	9	suffix	shuidichou.com
rule	9	suffix	shuidihuzhu.com
rule	9	suffix	shuiyaohuo.com
rule	9	suffix	shujupie.com
rule	9	suffix	shumensy.com
rule	9	suffix	shuoshuokong.com
rule	9	suffix	shuqi.com
rule	9	suffix	shuqireader.com
rule	9	suffix	shutcm.com
rule	9	suffix	shyhhema.com
rule	9	suffix	shyxhy.com
rule	9	suffix	shzq.com
rule	9	suffix	sichuanair.com
rule	9	suffix	sifou.com
rule	9	suffix	simei8.com
rule	9	suffix	simuwang.com
rule	9	suffix	sina.com
rule	9	suffix	sina.net
rule	9	suffix	sinaapp.com
rule	9	suffix	sinaedge.com
rule	9	suffix	sinaimg.com
rule	9	suffix	sinajs.com
rule	9	suffix	sinesafe.com
rule	9	suffix	sinf-test.net
rule	9	suffix	sinf.net
rule	9	suffix	sinflb.net
rule	9	suffix	singworld.net
rule	9	suffix	sinopec-usa.com
rule	9	suffix	sinopec.com
rule	9	suffix	sinopecgroup.com
rule	9	suffix	sinopecsales.com
rule	9	suffix	sipeed.com
rule	9	suffix	sjwyx.com
rule	9	suffix	skimit.net
rule	9	suffix	skycn.com
rule	9	suffix	skypixel.com
rule	9	suffix	skysea.com
rule	9	suffix	sl916.com
rule	9	suffix	slbauto.com
rule	9	suffix	slk1.net
rule	9	suffix	sllssrq.com
rule	9	suffix	slog.sina.cn
rule	9	suffix	slog.sina.com.cn
rule	9	suffix	smartmidea.net
rule	9	suffix	sms18.com
rule	9	suffix	smtcdns.com
rule	9	suffix	smtcdns.net
rule	9	suffix	smuszh.com
rule	9	suffix	smzdm.com
rule	9	suffix	smzdmimg.com
rule	9	suffix	sngmta.qq.com
rule	9	suffix	snimay.com
rule	9	suffix	snodehome.com
rule	9	suffix	snowballsecurities.com
rule	9	suffix	snssdk.com
rule	9	suffix	so.com
rule	9	suffix	sobot.com
rule	9	suffix	soboten.com
rule	9	suffix	socpk.com
rule	9	suffix	sofreight.com
rule	9	suffix	softwhy.com
rule	9	suffix	sofun.com
rule	9	suffix	sogo.com
rule	9	suffix	sogou-inc.com
rule	9	suffix	sogou-op.org
rule	9	suffix	sogou.com
rule	9	suffix	sogou.net
rule	9	suffix	sogoucdn.com
rule	9	suffix	sogoucdndl.com
rule	9	suffix	sogouimecdn.com
rule	9	suffix	sohu
rule	9	suffix	sohu.com
rule	9	suffix	sohucs.com
rule	9	suffix	sojson.com
rule	9	suffix	sojump.com
rule	9	suffix	soku.com
rule	9	suffix	solidot.org
rule	9	suffix	somode.com
rule	9	suffix	sootoo.com
rule	9	suffix	soso.com
rule	9	suffix	sososnap.com
rule	9	suffix	sou.com
rule	9	suffix	soufunimg.com
rule	9	suffix	soulteary.com
rule	9	suffix	souqian.com
rule	9	suffix	southcn.com
rule	9	suffix	southmoney.com
rule	9	suffix	sparenode.com
rule	9	suffix	sparkletour.com
rule	9	suffix	spcdntip.com
rule	9	suffix	spcdntipbak.com
rule	9	suffix	spcloudhw.com
rule	9	suffix	spcloudhw.net
rule	9	suffix	spcode.baidu.com
rule	9	suffix	speedws.info
rule	9	suffix	speedws.org
rule	9	suffix	speiyou.com
rule	9	suffix	splash-ads.cdn.unity.cn
rule	9	suffix	splash-ads.unitychina.cn
rule	9	suffix	springairlines.com
rule	9	suffix	springtour.com
rule	9	suffix	sq.cc
rule	9	suffix	sqqnh.org
rule	9	suffix	sseinfo.com
rule	9	suffix	ssjlicai.com
rule	9	suffix	sslawy.com
rule	9	suffix	sslibrary.com
rule	9	suffix	sspai.com
rule	9	suffix	ssports.com
rule	9	suffix	stage1st.com
rule	9	suffix	starbaby.cc
rule	9	suffix	starbaby.com
rule	9	suffix	starlakelab.com
rule	9	suffix	starworldgames.com
rule	9	suffix	stat.m.jd.com
rule	9	suffix	stat.y.qq.com
rule	9	suffix	stat.youku.com
rule	9	suffix	static163.net
rule	9	suffix	staticfile.net
rule	9	suffix	staticfile.org
rule	9	suffix	statickksmg.com
rule	9	suffix	statis.api.3g.youku.com
rule	9	suffix	stats.music.xiaomi.com
rule	9	suffix	statuslarkoffice.com
rule	9	suffix	stcn.com
rule	9	suffix	steam302.xyz
rule	9	suffix	steampp.net
rule	9	suffix	sto-express.com
rule	9	suffix	stockstar.com
rule	9	suffix	stointl.com
rule	9	suffix	stosolution.com
rule	9	suffix	suanya.com
rule	9	suffix	sui.com
rule	9	suffix	sumkoo.com
rule	9	suffix	sumkoo.net
rule	9	suffix	sun0769.com
rule	9	suffix	suning.com
rule	9	suffix	suningbank.com
rule	9	suffix	suningcloud.com
rule	9	suffix	suningestate.com
rule	9	suffix	suningholdings.com
rule	9	suffix	sunlife-everbright.com
rule	9	suffix	sunlogin.net
rule	9	suffix	sunrtb.com
rule	9	suffix	supercachenet.com
rule	9	suffix	supercachenode.com
rule	9	suffix	superlib.com
rule	9	suffix	superlib.net
rule	9	suffix	supermap.com
rule	9	suffix	supermapcloud.com
rule	9	suffix	supet.com
rule	9	suffix	surerp.com
rule	9	suffix	sursung.com
rule	9	suffix	suzuki-china.com
rule	9	suffix	swhysc.com
rule	9	suffix	swsmu.com
rule	9	suffix	sxcxldjy.com
rule	9	suffix	sxsimg.com
rule	9	suffix	sydw8.com
rule	9	suffix	syh.zybang.com
rule	9	suffix	sys321.com
rule	9	suffix	syxlgame.com
rule	9	suffix	sz-jlc.com
rule	9	suffix	szbdyd.com
rule	9	suffix	szfw.org
rule	9	suffix	szhdy.com
rule	9	suffix	szhk.com
rule	9	suffix	szlcsc.com
rule	9	suffix	sznews.com
rule	9	suffix	szpgm.com
rule	9	suffix	szzfgjj.com
rule	9	suffix	t00ls.cc
rule	9	suffix	t00ls.net
rule	9	suffix	t1tms.com
rule	9	suffix	t1y5.com
rule	9	suffix	t8tms.com
rule	9	suffix	t9tms.com
rule	9	suffix	tacool.com
rule	9	suffix	tadu.com
rule	9	suffix	taichuan.com
rule	9	suffix	taichuan.net
rule	9	suffix	taihe.com
rule	9	suffix	taihuoniao.com
rule	9	suffix	taikang.com
rule	9	suffix	taikanglife.com
rule	9	suffix	taikangzhijia.com
rule	9	suffix	tajiduo.com
rule	9	suffix	tajs.qq.com
rule	9	suffix	takungpao.com
rule	9	suffix	talk-cloud.net
rule	9	suffix	talkingdata.com
rule	9	suffix	talkinggame.com
rule	9	suffix	tamaegis.com
rule	9	suffix	tangeche.com
rule	9	suffix	tanx.com
rule	9	suffix	tao123.com
rule	9	suffix	taobao
rule	9	suffix	taobao.com
rule	9	suffix	taobao.net
rule	9	suffix	taobao.org
rule	9	suffix	taobaocdn.com
rule	9	suffix	taobizhong.com
rule	9	suffix	taoche.com
rule	9	suffix	taomee.com
rule	9	suffix	taopiaopiao.com
rule	9	suffix	taou.com
rule	9	suffix	tapapks.com
rule	9	suffix	tapimg.com
rule	9	suffix	tapimg.net
rule	9	suffix	tapnow.top
rule	9	suffix	taptap.com
rule	9	suffix	taptapdada.com
rule	9	suffix	tbcache.com
rule	9	suffix	tburl.in
rule	9	suffix	tcbox.baidu.com
rule	9	suffix	tcdlive.com
rule	9	suffix	tcdnhw.com
rule	9	suffix	tcdnkcbak.com
rule	9	suffix	tcdnlive.com
rule	9	suffix	tcdnlivebak1.com
rule	9	suffix	tcdnlivebak2.com
rule	9	suffix	tcdnos.com
rule	9	suffix	tcdnos.net
rule	9	suffix	tcdntip.com
rule	9	suffix	tcdnvod.com
rule	9	suffix	tcdnvodbak.com
rule	9	suffix	tce.alicdn.com
rule	9	suffix	tcfmglobal.com
rule	9	suffix	tcl.com
rule	9	suffix	tclai.top
rule	9	suffix	tcloudbase.com
rule	9	suffix	tcloudbase.net
rule	9	suffix	tcloudbaseapp.com
rule	9	suffix	tcloudbi.com
rule	9	suffix	tclouddrive.com
rule	9	suffix	tcloudedu.com
rule	9	suffix	tcloudhw.com
rule	9	suffix	tcloudhw.net
rule	9	suffix	tcloudscdn.com
rule	9	suffix	tcloudscdn.net
rule	9	suffix	tcltech.com
rule	9	suffix	tcss.qq.com
rule	9	suffix	tcwqqdy.guru
rule	9	suffix	tdnsv1.com
rule	9	suffix	tdnsv1.net
rule	9	suffix	tdnsv10.com
rule	9	suffix	tdnsv10.net
rule	9	suffix	tdnsv11.com
rule	9	suffix	tdnsv11.net
rule	9	suffix	tdnsv12.com
rule	9	suffix	tdnsv12.net
rule	9	suffix	tdnsv13.com
rule	9	suffix	tdnsv13.net
rule	9	suffix	tdnsv14.com
rule	9	suffix	tdnsv14.net
rule	9	suffix	tdnsv15.com
rule	9	suffix	tdnsv15.net
rule	9	suffix	tdnsv2.com
rule	9	suffix	tdnsv2.net
rule	9	suffix	tdnsv3.com
rule	9	suffix	tdnsv3.net
rule	9	suffix	tdnsv4.com
rule	9	suffix	tdnsv4.net
rule	9	suffix	tdnsv5.com
rule	9	suffix	tdnsv5.net
rule	9	suffix	tdnsv6.com
rule	9	suffix	tdnsv6.net
rule	9	suffix	tdnsv7.com
rule	9	suffix	tdnsv7.net
rule	9	suffix	tdnsv8.com
rule	9	suffix	tdnsv8.net
rule	9	suffix	tdnsv9.com
rule	9	suffix	tdnsv9.net
rule	9	suffix	tdnsx1.com
rule	9	suffix	tdsdk.cpatrk.net
rule	9	suffix	te5.com
rule	9	suffix	teachblog.net
rule	9	suffix	teambition.com
rule	9	suffix	teambition.net
rule	9	suffix	teambitionapis.com
rule	9	suffix	tebiefuza.cloud
rule	9	suffix	techo.chat
rule	9	suffix	techwalker.com
rule	9	suffix	tefscloud.com
rule	9	suffix	tefscloud.net
rule	9	suffix	tekkenthree.com
rule	9	suffix	teleows.com
rule	9	suffix	tenant-zone-dev.com
rule	9	suffix	tencdns.net
rule	9	suffix	tencent-cloud.com
rule	9	suffix	tencent-cloud.net
rule	9	suffix	tencent-gcloud.com
rule	9	suffix	tencent.com
rule	9	suffix	tencent.design
rule	9	suffix	tencent.net
rule	9	suffix	tencentapps.com
rule	9	suffix	tencentbyod.com
rule	9	suffix	tencentcdb.com
rule	9	suffix	tencentclb.com
rule	9	suffix	tencentcloud-aiot.com
rule	9	suffix	tencentcloud.com
rule	9	suffix	tencentcloudapi.com
rule	9	suffix	tencentcloudclub.com
rule	9	suffix	tencentcloudcr.com
rule	9	suffix	tencentcloudmarket.com
rule	9	suffix	tencentcloudns.com
rule	9	suffix	tencentcloudsec.com
rule	9	suffix	tencentcloudses.com
rule	9	suffix	tencentcos.com
rule	9	suffix	tencentcs.com
rule	9	suffix	tencentdayu.com
rule	9	suffix	tencentdb.com
rule	9	suffix	tencentdevices.com
rule	9	suffix	tencentdigitalassistant.com
rule	9	suffix	tencentdms.com
rule	9	suffix	tencenteiam.com
rule	9	suffix	tencentelasticsearch.com
rule	9	suffix	tencentid.com
rule	9	suffix	tencentidentity.com
rule	9	suffix	tencentmusic.com
rule	9	suffix	tencentproxy.com
rule	9	suffix	tencentrio.com
rule	9	suffix	tencentstart.com
rule	9	suffix	tencenttid.com
rule	9	suffix	tencentwemeet.club
rule	9	suffix	tencentwepark.com
rule	9	suffix	tencentyun.com
rule	9	suffix	tendbcluster.com
rule	9	suffix	tendcloud.com
rule	9	suffix	tendis.net
rule	9	suffix	tenpay.com
rule	9	suffix	tenxcloud.com
rule	9	suffix	test-cignacmb.com
rule	9	suffix	testads.api.my7v.com
rule	9	suffix	testwaf.com
rule	9	suffix	tetrisone.com
rule	9	suffix	texasholdemcup.com
rule	9	suffix	texasholdemcup.net
rule	9	suffix	tfogc.com
rule	9	suffix	tfzq.com
rule	9	suffix	tgbus.com
rule	9	suffix	tgovcloud.com
rule	9	suffix	tgpro.top
rule	9	suffix	tgprocs.net
rule	9	suffix	theduapp.com
rule	9	suffix	thelarkcloud.com
rule	9	suffix	themisweeps.com
rule	9	suffix	theta.sogoucdn.com
rule	9	suffix	thinkcloudlab.com
rule	9	suffix	thinkpad.com
rule	9	suffix	thinkprinter.net
rule	9	suffix	thmnet.com
rule	9	suffix	threatbook.com
rule	9	suffix	ths123.com
rule	9	suffix	thundercdn.com
rule	9	suffix	thunderurl.com
rule	9	suffix	tiancity.com
rule	9	suffix	tiancitycdn.com
rule	9	suffix	tianjimedia.com
rule	9	suffix	tianjin-air.com
rule	9	suffix	tianlailive.com
rule	9	suffix	tianlala.com
rule	9	suffix	tianpeng.com
rule	9	suffix	tianqi.com
rule	9	suffix	tianqistatic.com
rule	9	suffix	tianshucup.com
rule	9	suffix	tianxiajiameng.com
rule	9	suffix	tianyancha.com
rule	9	suffix	tiapi.net
rule	9	suffix	tidaas.com
rule	9	suffix	tidb.ai
rule	9	suffix	tidb.net
rule	9	suffix	tidbcloud.com
rule	9	suffix	tieba.com
rule	9	suffix	tiebaimg.com
rule	9	suffix	tietuku.com
rule	9	suffix	tiexue.net
rule	9	suffix	tieyou.com
rule	9	suffix	tikv.org
rule	9	suffix	timbrd.com
rule	9	suffix	timedoo.com
rule	9	suffix	timibase.com
rule	9	suffix	timmerse.com
rule	9	suffix	tingbook.com
rule	9	suffix	tingyun.com
rule	9	suffix	tipdm.org
rule	9	suffix	titanar.com
rule	9	suffix	tivitv.com
rule	9	suffix	tjjt360.com
rule	9	suffix	tjqonline.cn
rule	9	suffix	tjstats.com
rule	9	suffix	tkhealthcare.com
rule	9	suffix	tlbapm.com
rule	9	suffix	tlgslb.com
rule	9	suffix	tlivecdn.com
rule	9	suffix	tlivemcdn.com
rule	9	suffix	tlivepush.com
rule	9	suffix	tlivesource.com
rule	9	suffix	tmall
rule	9	suffix	tmall.com
rule	9	suffix	tmalltv.com
rule	9	suffix	tmcdn.net
rule	9	suffix	tmead.y.qq.com
rule	9	suffix	tmeadcomm.y.qq.com
rule	9	suffix	tmjiasuqi.com
rule	9	suffix	tmjl.ai
rule	9	suffix	tmtpost.com
rule	9	suffix	tmtsmartlife.com
rule	9	suffix	tmtsmartrun.com
rule	9	suffix	tnettms.com
rule	9	suffix	tns.simba.taobao.com
rule	9	suffix	tobosu.com
rule	9	suffix	todesk.com
rule	9	suffix	tokcoder.com
rule	9	suffix	tom.com
rule	9	suffix	tongdun.net
rule	9	suffix	tongfangpc.com
rule	9	suffix	tongkask.com
rule	9	suffix	tongtaiamc.com
rule	9	suffix	tongxianghuicn.com
rule	9	suffix	tongxuepie.com
rule	9	suffix	tongyi.com
rule	9	suffix	tools.team
rule	9	suffix	toplife.com
rule	9	suffix	topthink.com
rule	9	suffix	topwd.top
rule	9	suffix	toscdn.com
rule	9	suffix	touqikan.com
rule	9	suffix	toursbms.com
rule	9	suffix	toutiao.com
rule	9	suffix	toutiao11.com
rule	9	suffix	toutiao12.com
rule	9	suffix	toutiao13.com
rule	9	suffix	toutiao14.com
rule	9	suffix	toutiao15.com
rule	9	suffix	toutiaoapi.com
rule	9	suffix	toutiaocdn.com
rule	9	suffix	toutiaocdn.net
rule	9	suffix	toutiaocloud.com
rule	9	suffix	toutiaocloud.net
rule	9	suffix	toutiaohao.com
rule	9	suffix	toutiaohao.net
rule	9	suffix	toutiaoimg.com
rule	9	suffix	toutiaoimg.net
rule	9	suffix	toutiaojisu.com
rule	9	suffix	toutiaolite.com
rule	9	suffix	toutiaolite1.com
rule	9	suffix	toutiaolite2.com
rule	9	suffix	toutiaoliving.com
rule	9	suffix	toutiaopage.com
rule	9	suffix	toutiaopan.com
rule	9	suffix	toutiaopanapi.com
rule	9	suffix	toutiaopic.com
rule	9	suffix	toutiaostatic.com
rule	9	suffix	toutiaovod.com
rule	9	suffix	toutiaowap.com
rule	9	suffix	toutiaowap.net
rule	9	suffix	touying.com
rule	9	suffix	touzid.com
rule	9	suffix	tower.im
rule	9	suffix	tower0788.com
rule	9	suffix	tpstelemetry.tencent.com
rule	9	suffix	tpyzq.com
rule	9	suffix	tr-test-ali.net
rule	9	suffix	tr-test.net
rule	9	suffix	tr-testboe.net
rule	9	suffix	trace.qq.com
rule	9	suffix	track.lc.quark.cn
rule	9	suffix	track.sohu.com
rule	9	suffix	tracker.ai.xiaomi.com
rule	9	suffix	tracker.xiaomixiaoai.com
rule	9	suffix	tracking.miui.com
rule	9	suffix	tracup.com
rule	9	suffix	trae.guru
rule	9	suffix	travelsky.com
rule	9	suffix	tripcdn.com
rule	9	suffix	tritoninfo.net
rule	9	suffix	trjcn.com
rule	9	suffix	trpcdn.net
rule	9	suffix	trunktech.com
rule	9	suffix	trustexporter.com
rule	9	suffix	trustie.net
rule	9	suffix	trustutn.org
rule	9	suffix	tsparkling.com
rule	9	suffix	ttbyte.com
rule	9	suffix	ttbyte.net
rule	9	suffix	ttgslb.com
rule	9	suffix	ttgtm.com
rule	9	suffix	ttjisu.com
rule	9	suffix	ttpod.com
rule	9	suffix	ttwebview.com
rule	9	suffix	tudou.com
rule	9	suffix	tudouui.com
rule	9	suffix	tuer123.com
rule	9	suffix	tuicool.com
rule	9	suffix	tuiwen.net
rule	9	suffix	tujia.com
rule	9	suffix	tuniu.com
rule	9	suffix	tutuapp.com
rule	9	suffix	tuwan.com
rule	9	suffix	tuwanjun.com
rule	9	suffix	tuxi.com
rule	9	suffix	tuyoo.com
rule	9	suffix	tvmao.com
rule	9	suffix	tvzhe.com
rule	9	suffix	twscholar.com
rule	9	suffix	tx-exhibition.com
rule	9	suffix	txbyod.com
rule	9	suffix	txidc.wang
rule	9	suffix	txlivecdn.com
rule	9	suffix	txrjy.com
rule	9	suffix	txtyxg.com
rule	9	suffix	txyscdn.com
rule	9	suffix	txyscdn.net
rule	9	suffix	u-cdn.net
rule	9	suffix	u.tools
rule	9	suffix	u17.com
rule	9	suffix	u17i.com
rule	9	suffix	u17t.com
rule	9	suffix	ubmcvideo.baidustatic.com
rule	9	suffix	ubssdic.com
rule	9	suffix	ubuntukylin.com
rule	9	suffix	uc123.com
rule	9	suffix	ucbug.com
rule	9	suffix	ucgslb.com
rule	9	suffix	ucgslb.info
rule	9	suffix	ucgslb.net
rule	9	suffix	ucgslb.top
rule	9	suffix	ucloud-edm.com
rule	9	suffix	ucloud365.com
rule	9	suffix	ucloudadmin.com
rule	9	suffix	ucloudapi.com
rule	9	suffix	ucloudgda.com
rule	9	suffix	ucloudnaming.com
rule	9	suffix	ucloudnaming.info
rule	9	suffix	ucloudnaming.net
rule	9	suffix	ucloudoss.com
rule	9	suffix	ucloudstack.com
rule	9	suffix	ucloudstack.net
rule	9	suffix	ucloudstor.com
rule	9	suffix	ucloudufile.com
rule	9	suffix	ucnaming.com
rule	9	suffix	ucnaming.info
rule	9	suffix	ucnaming.net
rule	9	suffix	ucweb.com
rule	9	suffix	udache.com
rule	9	suffix	udalogistic.com
rule	9	suffix	uewaf.com
rule	9	suffix	ufileos.com
rule	9	suffix	ugdtimg.com
rule	9	suffix	uggame.com
rule	9	suffix	ugshare-img.com
rule	9	suffix	ugslb.com
rule	9	suffix	ugslb.info
rule	9	suffix	ugslb.net
rule	9	suffix	ugslb.top
rule	9	suffix	ugslb2.net
rule	9	suffix	uhasadmin.com
rule	9	suffix	uiwow.com
rule	9	suffix	ulikecam.com
rule	9	suffix	ulogs.umeng.com
rule	9	suffix	ulogs.umengcloud.com
rule	9	suffix	ultracachenode.com
rule	9	suffix	um.run
rule	9	suffix	umajor.net
rule	9	suffix	umeng.com
rule	9	suffix	umengcloud.com
rule	9	suffix	umetrip.com
rule	9	suffix	umsns.com
rule	9	suffix	umtrack.com
rule	9	suffix	unaming.info
rule	9	suffix	unaming.net
rule	9	suffix	unicom
rule	9	suffix	unicompayment.com
rule	9	suffix	union.baidu.com
rule	9	suffix	unionimage.baidu.com
rule	9	suffix	unionpay.com
rule	9	suffix	unionpay.net
rule	9	suffix	unionpayintl.com
rule	9	suffix	unionpaysecure.com
rule	9	suffix	uniontech.com
rule	9	suffix	unityads.unity.cn
rule	9	suffix	unityads.unitychina.cn
rule	9	suffix	uoj.ac
rule	9	suffix	uoko.com
rule	9	suffix	uonline-sh.com
rule	9	suffix	uonline-sh.net
rule	9	suffix	upai.com
rule	9	suffix	upaiyun.com
rule	9	suffix	upcdn.net
rule	9	suffix	upe.net
rule	9	suffix	upfos.com
rule	9	suffix	upyun.com
rule	9	suffix	uranus.sogou.com
rule	9	suffix	urselect.com
rule	9	suffix	urumqi-air.com
rule	9	suffix	useso.com
rule	9	suffix	uslk.net
rule	9	suffix	utoken.umeng.com
rule	9	suffix	uucl.vip
rule	9	suffix	uuu9.com
rule	9	suffix	uyunad.com
rule	9	suffix	uzzf.com
rule	9	suffix	v5875.com
rule	9	suffix	v6-adashx.ut.amap.com
rule	9	suffix	v6-adashx.ut.cainiao.com
rule	9	suffix	v6-adashx.ut.ele.me
rule	9	suffix	v6-adashx.ut.taobao.com
rule	9	suffix	v6-adashx.ut.youku.com
rule	9	suffix	value500.com
rule	9	suffix	vamaker.com
rule	9	suffix	vancl.com
rule	9	suffix	vanclimg.com
rule	9	suffix	vanjee.net
rule	9	suffix	vaptcha.com
rule	9	suffix	vaptcha.net
rule	9	suffix	variflight.com
rule	9	suffix	vcimg.com
rule	9	suffix	vcloud-byte.com
rule	9	suffix	vcloudapi.com
rule	9	suffix	vcloudstc.com
rule	9	suffix	vcloudstc.net
rule	9	suffix	vcloudvod.com
rule	9	suffix	vdolady.com
rule	9	suffix	ve-imcloud.com
rule	9	suffix	ve-trafficroute.com
rule	9	suffix	ve-trafficroute.net
rule	9	suffix	vecdnlb.com
rule	9	suffix	vecloudgame.com
rule	9	suffix	vedcdnlb.com
rule	9	suffix	vedsalb.com
rule	9	suffix	veefdev.com
rule	9	suffix	veeqi.net
rule	9	suffix	veew-alb-cn1.com
rule	9	suffix	veew-alb-cn2.com
rule	9	suffix	veew-alb-ts.com
rule	9	suffix	vegalb.com
rule	9	suffix	vegslb.com
rule	9	suffix	vegtm.net
rule	9	suffix	veicplive.com
rule	9	suffix	vemarsdev.com
rule	9	suffix	vemarsstatic.com
rule	9	suffix	vemarsweb.com
rule	9	suffix	vertciot.com
rule	9	suffix	veryhuo.com
rule	9	suffix	veryzhun.com
rule	9	suffix	vestack-beta.com
rule	9	suffix	vestack-cicd.com
rule	9	suffix	vestack-preview.com
rule	9	suffix	vestack-sandbox.com
rule	9	suffix	vestack.cloud
rule	9	suffix	vfcdnrd.com
rule	9	suffix	vg.com
rule	9	suffix	vgtime.com
rule	9	suffix	vhengdata.com
rule	9	suffix	viayoo.com
rule	9	suffix	vic18.com
rule	9	suffix	videocc.net
rule	9	suffix	videojj.com
rule	9	suffix	videoxiaoyouxi.com
rule	9	suffix	vijos.org
rule	9	suffix	vip.com
rule	9	suffix	vipdlt.com
rule	9	suffix	vipexam.org
rule	9	suffix	vipmro.com
rule	9	suffix	vipmro.net
rule	9	suffix	vipstatic.com
rule	9	suffix	vivo.com
rule	9	suffix	vmall.com
rule	9	suffix	vmallres.com
rule	9	suffix	vobao.com
rule	9	suffix	vodtcbk.com
rule	9	suffix	volc-dns.com
rule	9	suffix	volc-dns.net
rule	9	suffix	volc-dns.pub
rule	9	suffix	volc-embed.com
rule	9	suffix	volcadocean.com
rule	9	suffix	volcadvc.com
rule	9	suffix	volcalb.com
rule	9	suffix	volcanicengine.com
rule	9	suffix	volcautovod.com
rule	9	suffix	volcbiz.com
rule	9	suffix	volcca.com
rule	9	suffix	volcca.net
rule	9	suffix	volccdn.com
rule	9	suffix	volccdn1.com
rule	9	suffix	volccdn2.com
rule	9	suffix	volcddos.com
rule	9	suffix	volcddos001.com
rule	9	suffix	volcdem.com
rule	9	suffix	volcdn.com
rule	9	suffix	volcdns-test.com
rule	9	suffix	volcdns-test.net
rule	9	suffix	volcdns.com
rule	9	suffix	volcdns.pub
rule	9	suffix	volceapi.com
rule	9	suffix	volceapplog.com
rule	9	suffix	volcecr.com
rule	9	suffix	volcecw.com
rule	9	suffix	volcenginapi.com
rule	9	suffix	volcengine-dns.com
rule	9	suffix	volcengine-dns.net
rule	9	suffix	volcengine.com
rule	9	suffix	volcengine.net
rule	9	suffix	volcenginealb.com
rule	9	suffix	volcengineapi.com
rule	9	suffix	volcenginedns.com
rule	9	suffix	volcenginedns.net
rule	9	suffix	volcenginepaas.com
rule	9	suffix	volces.com
rule	9	suffix	volcfake.com
rule	9	suffix	volcfcdn.com
rule	9	suffix	volcfcdnbyte.com
rule	9	suffix	volcfcdndvs.com
rule	9	suffix	volcfcdndvs1.com
rule	9	suffix	volcfcdnplus.com
rule	9	suffix	volcfcdnrd.com
rule	9	suffix	volcfcdnsc.com
rule	9	suffix	volcfxgjrtm.com
rule	9	suffix	volcgroup.com
rule	9	suffix	volcgslb-mlt.com
rule	9	suffix	volcgslb.com
rule	9	suffix	volcgtm.com
rule	9	suffix	volciad.com
rule	9	suffix	volcimagex.com
rule	9	suffix	volcimagex.net
rule	9	suffix	volcimagextest.com
rule	9	suffix	volcmagicpage.com
rule	9	suffix	volcmcdn1.com
rule	9	suffix	volcmcdn2.com
rule	9	suffix	volcmcdn3.com
rule	9	suffix	volcmcdn4.com
rule	9	suffix	volcmgs.com
rule	9	suffix	volcmusecdn.com
rule	9	suffix	volcocic.com
rule	9	suffix	volcopjrtm.com
rule	9	suffix	volcpartner.com
rule	9	suffix	volcpartner.net
rule	9	suffix	volcsirius.com
rule	9	suffix	volcsiriusbd.com
rule	9	suffix	volcspaceeduc.com
rule	9	suffix	volctracer.com
rule	9	suffix	volctrack.com
rule	9	suffix	volctraffic.com
rule	9	suffix	volctranscdn.com
rule	9	suffix	volcvideo.com
rule	9	suffix	volcvideos.com
rule	9	suffix	volcvms.com
rule	9	suffix	volcvod.com
rule	9	suffix	volcwaf.com
rule	9	suffix	volcwaf001.com
rule	9	suffix	voleai.com
rule	9	suffix	vpgame.com
rule	9	suffix	vrzwk.com
rule	9	suffix	vrzwk.net
rule	9	suffix	vrzwk.top
rule	9	suffix	vscenevideo.com
rule	9	suffix	vsread.com
rule	9	suffix	vvstc.com
rule	9	suffix	vxo7tu.com
rule	9	suffix	vzuu.com
rule	9	suffix	w.cnzz.com
rule	9	suffix	waifushangcheng.com
rule	9	suffix	wali.com
rule	9	suffix	wallstcn.com
rule	9	suffix	wallstreetcn.com
rule	9	suffix	wamawama.com
rule	9	suffix	wandoujia.com
rule	9	suffix	wangmeng.baidu.com
rule	9	suffix	wangniuwms.com
rule	9	suffix	wangsu.com
rule	9	suffix	wangyangyang.vip
rule	9	suffix	wangyin.com
rule	9	suffix	wanliniu.com
rule	9	suffix	wanmei.com
rule	9	suffix	wannianli8.com
rule	9	suffix	wannianqingjianzhan.com
rule	9	suffix	wanplus.com
rule	9	suffix	wanwan4399.com
rule	9	suffix	wanwushuo.com
rule	9	suffix	wanyiwang.com
rule	9	suffix	wanyx.com
rule	9	suffix	wapwbclick.mobile.sina.cn
rule	9	suffix	warmheart.top
rule	9	suffix	wasu.tv
rule	9	suffix	wbclick.mobile.sina.cn
rule	9	suffix	wbimg.com
rule	9	suffix	wcbygame.com
rule	9	suffix	wch-ic.com
rule	9	suffix	wdfok.com
rule	9	suffix	wdjimg.com
rule	9	suffix	wdzj.com
rule	9	suffix	we4399.com
rule	9	suffix	weand.com
rule	9	suffix	weathercn.com
rule	9	suffix	weatherdt.com
rule	9	suffix	weavatar.com
rule	9	suffix	webank.com
rule	9	suffix	webankcdn.net
rule	9	suffix	webgame163.com
rule	9	suffix	webterren.com
rule	9	suffix	wechat.com
rule	9	suffix	wegame.com
rule	9	suffix	wegamedeveloper.com
rule	9	suffix	wegameplus.com
rule	9	suffix	weibo.com
rule	9	suffix	weibocdn.com
rule	9	suffix	weibopay.com
rule	9	suffix	weicaifu.com
rule	9	suffix	weidian.com
rule	9	suffix	weilaicaijing.com
rule	9	suffix	weilaiyunxiao.com
rule	9	suffix	weiphone.net
rule	9	suffix	weixinbridge.com
rule	9	suffix	weixing.com
rule	9	suffix	weiyangx.com
rule	9	suffix	weiyun.com
rule	9	suffix	welltrend-edu.com
rule	9	suffix	wenjuan.com
rule	9	suffix	wenkeju.com
rule	9	suffix	wenmingban.com
rule	9	suffix	wenshushu.com
rule	9	suffix	wenxiaozhan.com
rule	9	suffix	wenxiaozhan.net
rule	9	suffix	wenxin-ge.com
rule	9	suffix	west95582.com
rule	9	suffix	weui.io
rule	9	suffix	wework-studio.com
rule	9	suffix	wf.pub
rule	9	suffix	wfdata.club
rule	9	suffix	whalecloud.com
rule	9	suffix	whccb.com
rule	9	suffix	whlovehome.com
rule	9	suffix	wicresoft.com
rule	9	suffix	wildfirechat.net
rule	9	suffix	win007.com
rule	9	suffix	win7china.com
rule	9	suffix	win8.net
rule	9	suffix	win8china.com
rule	9	suffix	windows10zj.com
rule	9	suffix	windows7en.com
rule	9	suffix	windowszj.com
rule	9	suffix	winegame.net
rule	9	suffix	winos.me
rule	9	suffix	winwin7.com
rule	9	suffix	winyoungreading.com
rule	9	suffix	wishdown.com
rule	9	suffix	wit.qq.com
rule	9	suffix	wiwide.com
rule	9	suffix	wjx.com
rule	9	suffix	wjx.top
rule	9	suffix	wkctj.baidu.com
rule	9	suffix	wkzuche.com
rule	9	suffix	wm.baidu.com
rule	9	suffix	wmbd.gamersky.com
rule	9	suffix	wmzhe.com
rule	9	suffix	wnhuifu.com
rule	9	suffix	wo116114.com
rule	9	suffix	wo1wan.com
rule	9	suffix	woaihuoshan.com
rule	9	suffix	wodingche.com
rule	9	suffix	wohst8.com
rule	9	suffix	wol.tv
rule	9	suffix	wolai.com
rule	9	suffix	womai.com
rule	9	suffix	womendedw.com
rule	9	suffix	wondercv.com
rule	9	suffix	wonnder.com
rule	9	suffix	wooyun.org
rule	9	suffix	woozooo.com
rule	9	suffix	worktile.com
rule	9	suffix	woshipm.com
rule	9	suffix	woxihuan.com
rule	9	suffix	woyaogexing.com
rule	9	suffix	woyoo.com
rule	9	suffix	wps.com
rule	9	suffix	wpscdn.com
rule	9	suffix	wpsmail.net
rule	9	suffix	wqiis.com
rule	9	suffix	wrating.com
rule	9	suffix	writingo-editor.com
rule	9	suffix	writingo.net
rule	9	suffix	wscdns.com
rule	9	suffix	wscdns.info
rule	9	suffix	wscdns.org
rule	9	suffix	wsdvs.com
rule	9	suffix	wsglb.com
rule	9	suffix	wsglb.net
rule	9	suffix	wsoso.com
rule	9	suffix	wss.cc
rule	9	suffix	wss.email
rule	9	suffix	wss.ink
rule	9	suffix	wss.pet
rule	9	suffix	wss.show
rule	9	suffix	wss.zone
rule	9	suffix	wsukwai.com
rule	9	suffix	wswebcdn.com
rule	9	suffix	wswebpic.com
rule	9	suffix	wtown.com
rule	9	suffix	wtzw.com
rule	9	suffix	wukong.com
rule	9	suffix	wukongwenda.com
rule	9	suffix	wuliao.epro.sogou.com
rule	9	suffix	wuliujie.com
rule	9	suffix	wumii.com
rule	9	suffix	wuming.com
rule	9	suffix	wuuxiang.com
rule	9	suffix	wuximediaglobal.com
rule	9	suffix	wuyou.net
rule	9	suffix	wxcloudrun.com
rule	9	suffix	wxdw.top
rule	9	suffix	wxgateway.com
rule	9	suffix	wxlivecdn.com
rule	9	suffix	wxsbank.com
rule	9	suffix	wxzq.com
rule	9	suffix	wywyx.com
rule	9	suffix	wztsy.com
rule	9	suffix	x-cloud.cc
rule	9	suffix	x315.com
rule	9	suffix	xa-bank.com
rule	9	suffix	xafc.com
rule	9	suffix	xbext.com
rule	9	suffix	xbiao.com
rule	9	suffix	xboxfan.com
rule	9	suffix	xcsc.com
rule	9	suffix	xd.com
rule	9	suffix	xdcdn.net
rule	9	suffix	xdqtech.com
rule	9	suffix	xdrtc.com
rule	9	suffix	xdtool.com
rule	9	suffix	xdwan.com
rule	9	suffix	xedge.cc
rule	9	suffix	xesimg.com
rule	9	suffix	xf-fund.com
rule	9	suffix	xfdown.com
rule	9	suffix	xgzb.top
rule	9	suffix	xhaiwai.com
rule	9	suffix	xhby.net
rule	9	suffix	xhlsgs.com
rule	9	suffix	xhscdn.com
rule	9	suffix	xhscdn.net
rule	9	suffix	xhslink.com
rule	9	suffix	xhsrcdn.com
rule	9	suffix	xiachufang.com
rule	9	suffix	xiamai.net
rule	9	suffix	xiamenair.com
rule	9	suffix	xiami.com
rule	9	suffix	xiami.fm
rule	9	suffix	xiami.net
rule	9	suffix	xianfae.com
rule	9	suffix	xiangbababus.com
rule	9	suffix	xiangrikuijianzhan.com
rule	9	suffix	xiangrikuisite.com
rule	9	suffix	xianjiqun.com
rule	9	suffix	xiaoaiassist.com
rule	9	suffix	xiaobaixitong.com
rule	9	suffix	xiaodutv.com
rule	9	suffix	xiaoe-tech.com
rule	9	suffix	xiaogouh5.com
rule	9	suffix	xiaohongshu.com
rule	9	suffix	xiaojukeji.com
rule	9	suffix	xiaoka.tv
rule	9	suffix	xiaokaxiu.com
rule	9	suffix	xiaoluyouxuan.com
rule	9	suffix	xiaoluzhidian.com
rule	9	suffix	xiaomi.com
rule	9	suffix	xiaomi.net
rule	9	suffix	xiaomicp.com
rule	9	suffix	xiaomidns.com
rule	9	suffix	xiaomidns.net
rule	9	suffix	xiaomiev.com
rule	9	suffix	xiaomiinc.com
rule	9	suffix	xiaomiinc.net
rule	9	suffix	xiaomimimo.com
rule	9	suffix	xiaomimobile.com
rule	9	suffix	xiaomingtaiji.com
rule	9	suffix	xiaominr.com
rule	9	suffix	xiaomiprint.com
rule	9	suffix	xiaomisa.com
rule	9	suffix	xiaomisa.net
rule	9	suffix	xiaomisa.org
rule	9	suffix	xiaomiwear.com
rule	9	suffix	xiaomixiaoai.com
rule	9	suffix	xiaomiyoupin.com
rule	9	suffix	xiaopeng.com
rule	9	suffix	xiaoxiaapi.com
rule	9	suffix	xiaoxiongxitong.com
rule	9	suffix	xiaoyuankousuan.com
rule	9	suffix	xiaoyuanzhao.com
rule	9	suffix	xiaoyuxitong.com
rule	9	suffix	xiaoyuzhoufm.com
rule	9	suffix	xiayx.com
rule	9	suffix	xiazaiba.com
rule	9	suffix	xiezuocat.com
rule	9	suffix	xiguaapp.com
rule	9	suffix	xiguashipin.net
rule	9	suffix	xiguavideo.net
rule	9	suffix	xilu.com
rule	9	suffix	ximalaya.com
rule	9	suffix	xin.xin
rule	9	suffix	xinchacha.com
rule	9	suffix	xinchong.com
rule	9	suffix	xindong.com
rule	9	suffix	xingjiesj.com
rule	9	suffix	xingtan001.com
rule	9	suffix	xingyeai.com
rule	9	suffix	xinhuanet.com
rule	9	suffix	xinhuaxmt.com
rule	9	suffix	xinrenxinshi.com
rule	9	suffix	xinshipu.com
rule	9	suffix	xinwuji.com
rule	9	suffix	xinyuanfin.com
rule	9	suffix	xishanju.com
rule	9	suffix	xitong8.com
rule	9	suffix	xitu.com
rule	9	suffix	xitu.io
rule	9	suffix	xiu8.com
rule	9	suffix	xiucai.com
rule	9	suffix	xiumi.us
rule	9	suffix	xiumius.com
rule	9	suffix	xiziwang.net
rule	9	suffix	xjietiao.com
rule	9	suffix	xjoycity.com
rule	9	suffix	xkw.com
rule	9	suffix	xmcdn.com
rule	9	suffix	xmhouse.com
rule	9	suffix	xn--1qqw23a
rule	9	suffix	xn--3bst00m
rule	9	suffix	xn--3ds443g
rule	9	suffix	xn--55qw42g
rule	9	suffix	xn--55qx5d
rule	9	suffix	xn--5tzm5g
rule	9	suffix	xn--6frz82g
rule	9	suffix	xn--6qq986b3xl
rule	9	suffix	xn--8y0a063a
rule	9	suffix	xn--9et52u
rule	9	suffix	xn--czr694b
rule	9	suffix	xn--czrs0t
rule	9	suffix	xn--czru2d
rule	9	suffix	xn--fiq228c5hs
rule	9	suffix	xn--fiq64b
rule	9	suffix	xn--fiqs8s
rule	9	suffix	xn--fiqz9s
rule	9	suffix	xn--fjq720a
rule	9	suffix	xn--g2xx48c
rule	9	suffix	xn--hxt814e
rule	9	suffix	xn--imr513n
rule	9	suffix	xn--io0a7i
rule	9	suffix	xn--kput3i
rule	9	suffix	xn--nyqy26a
rule	9	suffix	xn--otu796d
rule	9	suffix	xn--rhqv96g
rule	9	suffix	xn--ses554g
rule	9	suffix	xn--unup4y
rule	9	suffix	xn--vhquv
rule	9	suffix	xn--vuq861b
rule	9	suffix	xn--xhq521b
rule	9	suffix	xn--zfr164b
rule	9	suffix	xn0.cc
rule	9	suffix	xnpic.com
rule	9	suffix	xoyo.com
rule	9	suffix	xoyocdn.com
rule	9	suffix	xpgod.com
rule	9	suffix	xqfunds.com
rule	9	suffix	xqymuy.com
rule	9	suffix	xsa239.com
rule	9	suffix	xsgtvacct.com
rule	9	suffix	xuanchuanyi.com
rule	9	suffix	xue51.com
rule	9	suffix	xueersi.com
rule	9	suffix	xuekanba.com
rule	9	suffix	xueqiu.com
rule	9	suffix	xuetangx.com
rule	9	suffix	xuexi365.com
rule	9	suffix	xuexi365.net
rule	9	suffix	xuexicha.com
rule	9	suffix	xundupdf.com
rule	9	suffix	xunfeixxj.com
rule	9	suffix	xunlei.com
rule	9	suffix	xunyou.com
rule	9	suffix	xunyou.mobi
rule	9	suffix	xwbank.com
rule	9	suffix	xxghh.biz
rule	9	suffix	xxsy.net
rule	9	suffix	xxtmail.com
rule	9	suffix	xycdn.com
rule	9	suffix	xycloud.com
rule	9	suffix	xywy.com
rule	9	suffix	xyzcdn.net
rule	9	suffix	xyzfm.link
rule	9	suffix	xyzfm.space
rule	9	suffix	xzking.com
rule	9	suffix	yahui.cc
rule	9	suffix	yamibo.com
rule	9	suffix	yangkeduo.com
rule	9	suffix	yaolan.com
rule	9	suffix	yaoyl.com
rule	9	suffix	yaozh.com
rule	9	suffix	ybccode.com
rule	9	suffix	yccdn.com
rule	9	suffix	ycgame.com
rule	9	suffix	ycrx360.com
rule	9	suffix	yctdyy.com
rule	9	suffix	ycwb.com
rule	9	suffix	ydamc.com
rule	9	suffix	ydstatic.com
rule	9	suffix	yeah.net
rule	9	suffix	yebaojiasu.com
rule	9	suffix	yeepay.com
rule	9	suffix	yeshen.com
rule	9	suffix	yeshj.com
rule	9	suffix	yesky.com
rule	9	suffix	yeyousg.com
rule	9	suffix	yfcache.com
rule	9	suffix	yfcalc.com
rule	9	suffix	yfcdn.net
rule	9	suffix	yfcloud.com
rule	9	suffix	yfdts.net
rule	9	suffix	yfp2p.net
rule	9	suffix	yfscdn.net
rule	9	suffix	yh31.com
rule	9	suffix	yhd.com
rule	9	suffix	yicai.com
rule	9	suffix	yiche.com
rule	9	suffix	yidianliulan.com
rule	9	suffix	yigao.com
rule	9	suffix	yigoonet.com
rule	9	suffix	yihaodian.com
rule	9	suffix	yihaodianimg.com
rule	9	suffix	yihedoors.com
rule	9	suffix	yiigle.com
rule	9	suffix	yikaochacha.com
rule	9	suffix	yikexue.com
rule	9	suffix	yillionbank.com
rule	9	suffix	yingjia360.com
rule	9	suffix	yingjiesheng.com
rule	9	suffix	yingjiesheng.net
rule	9	suffix	yingxiong.com
rule	9	suffix	yinhang123.net
rule	9	suffix	yinxiang.com
rule	9	suffix	yinyuetai.com
rule	9	suffix	yinzhaowang.com
rule	9	suffix	yiqifa.com
rule	9	suffix	yiqifa.org
rule	9	suffix	yisu.com
rule	9	suffix	yitaifang.com
rule	9	suffix	yiwan.com
rule	9	suffix	yiwanzhushou.com
rule	9	suffix	yixi.tv
rule	9	suffix	yiyaojd.com
rule	9	suffix	yiyouliao.com
rule	9	suffix	yizhibo.com
rule	9	suffix	yizhitou.com
rule	9	suffix	yjbys.com
rule	9	suffix	yk-ssp.ad.youku.com
rule	9	suffix	ykad-data.youku.com
rule	9	suffix	ykimg.com
rule	9	suffix	yksdks.com
rule	9	suffix	ykzq.com
rule	9	suffix	yl-scm.com
rule	9	suffix	ylike.net
rule	9	suffix	ym.run
rule	9	suffix	ymbank.com
rule	9	suffix	ymtc.com
rule	9	suffix	ynet.com
rule	9	suffix	ynhr.com
rule	9	suffix	yo9.com
rule	9	suffix	yocajr.com
rule	9	suffix	yokaverse.com
rule	9	suffix	yoojia.com
rule	9	suffix	youba.com
rule	9	suffix	youboy.com
rule	9	suffix	youdao.com
rule	9	suffix	youhua.com
rule	9	suffix	youjiao.com
rule	9	suffix	youke.co
rule	9	suffix	youku.com
rule	9	suffix	youlian.fun
rule	9	suffix	youshang.com
rule	9	suffix	youxiake.com
rule	9	suffix	youxichaguan.com
rule	9	suffix	youxigt.com
rule	9	suffix	youxihezi.net
rule	9	suffix	youxila.com
rule	9	suffix	youxiniao.com
rule	9	suffix	youxiputao.com
rule	9	suffix	youxituoluo.com
rule	9	suffix	youyierp.com
rule	9	suffix	youyitms.com
rule	9	suffix	youyiwms.com
rule	9	suffix	youzan.com
rule	9	suffix	youzanyun.com
rule	9	suffix	youzhiyouxing.com
rule	9	suffix	youzu.com
rule	9	suffix	yowhale.com
rule	9	suffix	yoyojie.com
rule	9	suffix	yoyou.com
rule	9	suffix	ypppt.com
rule	9	suffix	yqb.com
rule	9	suffix	yrz.name
rule	9	suffix	ys7.com
rule	9	suffix	ysjf.com
rule	9	suffix	yslyhr.com
rule	9	suffix	ystbds.com
rule	9	suffix	ysten.com
rule	9	suffix	yt0.cc
rule	9	suffix	yto-jsd.com
rule	9	suffix	yto-lgs.com
rule	9	suffix	yto-lgs.net
rule	9	suffix	yto.top
rule	9	suffix	yto.vip
rule	9	suffix	yto.xin
rule	9	suffix	yto56test.com
rule	9	suffix	ytocargo.com
rule	9	suffix	ytoexpress.com
rule	9	suffix	ytoholding.com
rule	9	suffix	ytokj.com
rule	9	suffix	ytokj.net
rule	9	suffix	ytoluohan.com
rule	9	suffix	ytoluohan.net
rule	9	suffix	ytoluohan.xin
rule	9	suffix	ytzq.com
rule	9	suffix	yuanbei.biz
rule	9	suffix	yuanfudao.com
rule	9	suffix	yuanshen.com
rule	9	suffix	yuansouti.com
rule	9	suffix	yuantiku.com
rule	9	suffix	yuantongyizhan.com
rule	9	suffix	yuanzhiyijiantong.com
rule	9	suffix	yuelun.com
rule	9	suffix	yuewen.com
rule	9	suffix	yufuid.com
rule	9	suffix	yufuid.net
rule	9	suffix	yunaq.com
rule	9	suffix	yunba.io
rule	9	suffix	yunda56.com
rule	9	suffix	yundaex.com
rule	9	suffix	yundalog.com
rule	9	suffix	yundaltl.com
rule	9	suffix	yundasys.com
rule	9	suffix	yundun.com
rule	9	suffix	yundzh.com
rule	9	suffix	yunfancdn.com
rule	9	suffix	yunify.com
rule	9	suffix	yunjitele.com
rule	9	suffix	yunkanpan.com
rule	9	suffix	yunos-inc.com
rule	9	suffix	yunos.com
rule	9	suffix	yunpan.com
rule	9	suffix	yunqishi.net
rule	9	suffix	yunshipei.com
rule	9	suffix	yunxiao.com
rule	9	suffix	yunxindns.com
rule	9	suffix	yunxinfw.com
rule	9	suffix	yunzhijia.com
rule	9	suffix	yunzhuxue.com
rule	9	suffix	yupoo.com
rule	9	suffix	yuque.com
rule	9	suffix	yushanfang.com
rule	9	suffix	yushiyan.net
rule	9	suffix	yuweikuijianzhan.com
rule	9	suffix	yuzua.com
rule	9	suffix	yxbao.com
rule	9	suffix	yxdmgame.com
rule	9	suffix	yxdown.com
rule	9	suffix	yxhapi.com
rule	9	suffix	yxhhdl.com
rule	9	suffix	yxhimg.com
rule	9	suffix	yximgs.com
rule	9	suffix	yxwsgame.com
rule	9	suffix	yy.com
rule	9	suffix	yyds.co
rule	9	suffix	yyshub.top
rule	9	suffix	yystatic.com
rule	9	suffix	yytcdn.com
rule	9	suffix	yzwb.net
rule	9	suffix	yzyxgame.com
rule	9	suffix	z-bank.com
rule	9	suffix	z-tek.com
rule	9	suffix	z.ai
rule	9	suffix	z.gds.cnzz.com
rule	9	suffix	z28j.com
rule	9	suffix	zaifan.com
rule	9	suffix	zampda.net
rule	9	suffix	zampdsp.com
rule	9	suffix	zastatic.com
rule	9	suffix	zbbm.net
rule	9	suffix	zbj.com
rule	9	suffix	zbjdev.com
rule	9	suffix	zbjimg.com
rule	9	suffix	zcjbgame.com
rule	9	suffix	zctnet.top
rule	9	suffix	zczj.com
rule	9	suffix	zdfans.com
rule	9	suffix	zdmimg.com
rule	9	suffix	zdnscloud.biz
rule	9	suffix	zdnscloud.com
rule	9	suffix	zdnscloud.info
rule	9	suffix	zdnscloud.net
rule	9	suffix	zealer.com
rule	9	suffix	zebracdn.com
rule	9	suffix	zeekrlife.com
rule	9	suffix	zgbk.com
rule	9	suffix	zgcbank.com
rule	9	suffix	zggqzp.com
rule	9	suffix	zgjm.org
rule	9	suffix	zgjsks.com
rule	9	suffix	zglxw.com
rule	9	suffix	zgsydw.com
rule	9	suffix	zgxytc.com
rule	9	suffix	zgzcw.com
rule	9	suffix	zgzsa.com
rule	9	suffix	zhan.com
rule	9	suffix	zhanbuba.com
rule	9	suffix	zhangyoubao.com
rule	9	suffix	zhangyue.com
rule	9	suffix	zhangyue01.com
rule	9	suffix	zhangyuecdn.com
rule	9	suffix	zhanqi.tv
rule	9	suffix	zhanzhang.net
rule	9	suffix	zhaodanji.com
rule	9	suffix	zhaokao.net
rule	9	suffix	zhaomishijie.com
rule	9	suffix	zhaopin.com
rule	9	suffix	zhcw.com
rule	9	suffix	zhenai.com
rule	9	suffix	zhfund.com
rule	9	suffix	zhibo8.cc
rule	9	suffix	zhichanli.com
rule	9	suffix	zhidemai.com
rule	9	suffix	zhidx.com
rule	9	suffix	zhiexa.com
rule	9	suffix	zhifang.com
rule	9	suffix	zhihang100.com
rule	9	suffix	zhihu-web-analytics.zhihu.com
rule	9	suffix	zhihu.com
rule	9	suffix	zhihuishu.com
rule	9	suffix	zhimg.com
rule	9	suffix	zhipin.com
rule	9	suffix	zhipucn.com
rule	9	suffix	zhisheng.com
rule	9	suffix	zhixue.com
rule	9	suffix	zhiye.com
rule	9	suffix	zhiziyun.com
rule	9	suffix	zhlyen.com
rule	9	suffix	zhongkao.com
rule	9	suffix	zhonshian.com
rule	9	suffix	zhuancorp.com
rule	9	suffix	zhuangjiba.com
rule	9	suffix	zhuaninc.com
rule	9	suffix	zhuanspirit.com
rule	9	suffix	zhuanstatic.com
rule	9	suffix	zhuanyewanjia.com
rule	9	suffix	zhuanzfx.com
rule	9	suffix	zhuanzhuan.com
rule	9	suffix	zhuayoukong.com
rule	9	suffix	zhubajie.com
rule	9	suffix	zhulang.com
rule	9	suffix	zhuoyou.com
rule	9	suffix	zhuoyuegame.com
rule	9	suffix	zhuye.kim
rule	9	suffix	zijieapi.com
rule	9	suffix	zijieapi.net
rule	9	suffix	zijiecdn.com
rule	9	suffix	zijiecdn.net
rule	9	suffix	zijiedj.com
rule	9	suffix	zijieimg.com
rule	9	suffix	zijieimg.net
rule	9	suffix	zijietiaodong.com
rule	9	suffix	zijieurl.com
rule	9	suffix	zijieurl.net
rule	9	suffix	zijiewap.com
rule	9	suffix	zijiewap.net
rule	9	suffix	zilrms.com
rule	9	suffix	ziroom.com
rule	9	suffix	ziroomapartment.com
rule	9	suffix	zixiaomao.com
rule	9	suffix	zixuntop.com
rule	9	suffix	ziyrta.com
rule	9	suffix	zjbyte.com
rule	9	suffix	zjbyte.net
rule	9	suffix	zjcdn.com
rule	9	suffix	zjfcdn.com
rule	9	suffix	zjgslb.com
rule	9	suffix	zjstv.com
rule	9	suffix	zjzs.net
rule	9	suffix	zjzsa.com
rule	9	suffix	zmengzhu.com
rule	9	suffix	zmifi.com
rule	9	suffix	znds.com
rule	9	suffix	zofund.com
rule	9	suffix	zongheng.com
rule	9	suffix	zoom3g.com
rule	9	suffix	zpb365.com
rule	9	suffix	zs-jlc.com
rule	9	suffix	zsxq.com
rule	9	suffix	zszq.com
rule	9	suffix	zt-express.com
rule	9	suffix	ztedevices.com
rule	9	suffix	ztemall.com
rule	9	suffix	ztems.com
rule	9	suffix	ztfsec.com
rule	9	suffix	ztna-dingtalk.com
rule	9	suffix	zto.com
rule	9	suffix	zto.net
rule	9	suffix	ztoapp.com
rule	9	suffix	ztoglobal.com
rule	9	suffix	ztogroup.com
rule	9	suffix	ztoyh.com
rule	9	suffix	zuche.com
rule	9	suffix	zuchecdn.com
rule	9	suffix	zuhaowan.com
rule	9	suffix	zui.com
rule	9	suffix	zuidaima.com
rule	9	suffix	zuihuimai.com
rule	9	suffix	zuk.com
rule	9	suffix	zuodao.com
rule	9	suffix	zuowen.com
rule	9	suffix	zuowen8.com
rule	9	suffix	zuowenwang.net
rule	9	suffix	zuoyebang.cc
rule	9	suffix	zuoyebang.com
rule	9	suffix	zway.top
rule	9	suffix	zxhgroup.com
rule	9	suffix	zxxk.com
rule	9	suffix	zybang.com
rule	9	suffix	zyh365.com
rule	9	suffix	zysou.com
rule	9	suffix	zz.bdstatic.com
rule	9	suffix	zzdtec.com
rule	9	suffix	zztfly.com
case	9game.cn	512,0,0,0,0,0,0,0,0,0,0,0,0,0,0,0,0,0,0,0,0,0,0,0,0,0,0,0,0,0,0,0
case	9GAME.CN.	512,0,0,0,0,0,0,0,0,0,0,0,0,0,0,0,0,0,0,0,0,0,0,0,0,0,0,0,0,0,0,0
case	api.9game.cn	512,0,0,0,0,0,0,0,0,0,0,0,0,0,0,0,0,0,0,0,0,0,0,0,0,0,0,0,0,0,0,0
case	game.cn	512,0,0,0,0,0,0,0,0,0,0,0,0,0,0,0,0,0,0,0,0,0,0,0,0,0,0,0,0,0,0,0
case	uri.9game.cn	512,0,0,0,0,0,0,0,0,0,0,0,0,0,0,0,0,0,0,0,0,0,0,0,0,0,0,0,0,0,0,0
case	aliapp.org	512,0,0,0,0,0,0,0,0,0,0,0,0,0,0,0,0,0,0,0,0,0,0,0,0,0,0,0,0,0,0,0
case	ALIAPP.ORG.	512,0,0,0,0,0,0,0,0,0,0,0,0,0,0,0,0,0,0,0,0,0,0,0,0,0,0,0,0,0,0,0
case	api.aliapp.org	512,0,0,0,0,0,0,0,0,0,0,0,0,0,0,0,0,0,0,0,0,0,0,0,0,0,0,0,0,0,0,0
case	liapp.org	0,0,0,0,0,0,0,0,0,0,0,0,0,0,0,0,0,0,0,0,0,0,0,0,0,0,0,0,0,0,0,0
case	c.aliapp.org	512,0,0,0,0,0,0,0,0,0,0,0,0,0,0,0,0,0,0,0,0,0,0,0,0,0,0,0,0,0,0,0
case	alibaba-inc.com	512,0,0,0,0,0,0,0,0,0,0,0,0,0,0,0,0,0,0,0,0,0,0,0,0,0,0,0,0,0,0,0
case	ALIBABA-INC.COM.	512,0,0,0,0,0,0,0,0,0,0,0,0,0,0,0,0,0,0,0,0,0,0,0,0,0,0,0,0,0,0,0
case	api.alibaba-inc.com	512,0,0,0,0,0,0,0,0,0,0,0,0,0,0,0,0,0,0,0,0,0,0,0,0,0,0,0,0,0,0,0
case	libaba-inc.com	0,0,0,0,0,0,0,0,0,0,0,0,0,0,0,0,0,0,0,0,0,0,0,0,0,0,0,0,0,0,0,0
case	trm.alibaba-inc.com	512,0,0,0,0,0,0,0,0,0,0,0,0,0,0,0,0,0,0,0,0,0,0,0,0,0,0,0,0,0,0,0
case	alibaba.com	512,0,0,0,0,0,0,0,0,0,0,0,0,0,0,0,0,0,0,0,0,0,0,0,0,0,0,0,0,0,0,0
case	ALIBABA.COM.	512,0,0,0,0,0,0,0,0,0,0,0,0,0,0,0,0,0,0,0,0,0,0,0,0,0,0,0,0,0,0,0
case	api.alibaba.com	512,0,0,0,0,0,0,0,0,0,0,0,0,0,0,0,0,0,0,0,0,0,0,0,0,0,0,0,0,0,0,0
case	libaba.com	0,0,0,0,0,0,0,0,0,0,0,0,0,0,0,0,0,0,0,0,0,0,0,0,0,0,0,0,0,0,0,0
case	pcprm.alibaba.com	512,0,0,0,0,0,0,0,0,0,0,0,0,0,0,0,0,0,0,0,0,0,0,0,0,0,0,0,0,0,0,0
case	alibabacapital.com	512,0,0,0,0,0,0,0,0,0,0,0,0,0,0,0,0,0,0,0,0,0,0,0,0,0,0,0,0,0,0,0
case	ALIBABACAPITAL.COM.	512,0,0,0,0,0,0,0,0,0,0,0,0,0,0,0,0,0,0,0,0,0,0,0,0,0,0,0,0,0,0,0
case	api.alibabacapital.com	512,0,0,0,0,0,0,0,0,0,0,0,0,0,0,0,0,0,0,0,0,0,0,0,0,0,0,0,0,0,0,0
case	libabacapital.com	0,0,0,0,0,0,0,0,0,0,0,0,0,0,0,0,0,0,0,0,0,0,0,0,0,0,0,0,0,0,0,0
case	v.alibabacapital.com	512,0,0,0,0,0,0,0,0,0,0,0,0,0,0,0,0,0,0,0,0,0,0,0,0,0,0,0,0,0,0,0
case	alibabacorp.com	512,0,0,0,0,0,0,0,0,0,0,0,0,0,0,0,0,0,0,0,0,0,0,0,0,0,0,0,0,0,0,0
case	ALIBABACORP.COM.	512,0,0,0,0,0,0,0,0,0,0,0,0,0,0,0,0,0,0,0,0,0,0,0,0,0,0,0,0,0,0,0
case	api.alibabacorp.com	512,0,0,0,0,0,0,0,0,0,0,0,0,0,0,0,0,0,0,0,0,0,0,0,0,0,0,0,0,0,0,0
case	libabacorp.com	0,0,0,0,0,0,0,0,0,0,0,0,0,0,0,0,0,0,0,0,0,0,0,0,0,0,0,0,0,0,0,0
case	vv.alibabacorp.com	512,0,0,0,0,0,0,0,0,0,0,0,0,0,0,0,0,0,0,0,0,0,0,0,0,0,0,0,0,0,0,0
case	alibabadoctor.com	512,0,0,0,0,0,0,0,0,0,0,0,0,0,0,0,0,0,0,0,0,0,0,0,0,0,0,0,0,0,0,0
case	ALIBABADOCTOR.COM.	512,0,0,0,0,0,0,0,0,0,0,0,0,0,0,0,0,0,0,0,0,0,0,0,0,0,0,0,0,0,0,0
case	api.alibabadoctor.com	512,0,0,0,0,0,0,0,0,0,0,0,0,0,0,0,0,0,0,0,0,0,0,0,0,0,0,0,0,0,0,0
case	libabadoctor.com	0,0,0,0,0,0,0,0,0,0,0,0,0,0,0,0,0,0,0,0,0,0,0,0,0,0,0,0,0,0,0,0
case	ng.alibabadoctor.com	512,0,0,0,0,0,0,0,0,0,0,0,0,0,0,0,0,0,0,0,0,0,0,0,0,0,0,0,0,0,0,0
case	alibabafuturehotel.com	512,0,0,0,0,0,0,0,0,0,0,0,0,0,0,0,0,0,0,0,0,0,0,0,0,0,0,0,0,0,0,0
case	ALIBABAFUTUREHOTEL.COM.	512,0,0,0,0,0,0,0,0,0,0,0,0,0,0,0,0,0,0,0,0,0,0,0,0,0,0,0,0,0,0,0
case	api.alibabafuturehotel.com	512,0,0,0,0,0,0,0,0,0,0,0,0,0,0,0,0,0,0,0,0,0,0,0,0,0,0,0,0,0,0,0
case	libabafuturehotel.com	0,0,0,0,0,0,0,0,0,0,0,0,0,0,0,0,0,0,0,0,0,0,0,0,0,0,0,0,0,0,0,0
case	o.alibabafuturehotel.com	512,0,0,0,0,0,0,0,0,0,0,0,0,0,0,0,0,0,0,0,0,0,0,0,0,0,0,0,0,0,0,0
case	alibabagroup.com	512,0,0,0,0,0,0,0,0,0,0,0,0,0,0,0,0,0,0,0,0,0,0,0,0,0,0,0,0,0,0,0
case	ALIBABAGROUP.COM.	512,0,0,0,0,0,0,0,0,0,0,0,0,0,0,0,0,0,0,0,0,0,0,0,0,0,0,0,0,0,0,0
case	api.alibabagroup.com	512,0,0,0,0,0,0,0,0,0,0,0,0,0,0,0,0,0,0,0,0,0,0,0,0,0,0,0,0,0,0,0
case	libabagroup.com	0,0,0,0,0,0,0,0,0,0,0,0,0,0,0,0,0,0,0,0,0,0,0,0,0,0,0,0,0,0,0,0
case	tso.alibabagroup.com	512,0,0,0,0,0,0,0,0,0,0,0,0,0,0,0,0,0,0,0,0,0,0,0,0,0,0,0,0,0,0,0
case	alibabaplanet.com	512,0,0,0,0,0,0,0,0,0,0,0,0,0,0,0,0,0,0,0,0,0,0,0,0,0,0,0,0,0,0,0
case	ALIBABAPLANET.COM.	512,0,0,0,0,0,0,0,0,0,0,0,0,0,0,0,0,0,0,0,0,0,0,0,0,0,0,0,0,0,0,0
case	api.alibabaplanet.com	512,0,0,0,0,0,0,0,0,0,0,0,0,0,0,0,0,0,0,0,0,0,0,0,0,0,0,0,0,0,0,0
case	libabaplanet.com	0,0,0,0,0,0,0,0,0,0,0,0,0,0,0,0,0,0,0,0,0,0,0,0,0,0,0,0,0,0,0,0
case	ita.alibabaplanet.com	512,0,0,0,0,0,0,0,0,0,0,0,0,0,0,0,0,0,0,0,0,0,0,0,0,0,0,0,0,0,0,0
case	alibabaued.com	512,0,0,0,0,0,0,0,0,0,0,0,0,0,0,0,0,0,0,0,0,0,0,0,0,0,0,0,0,0,0,0
case	ALIBABAUED.COM.	512,0,0,0,0,0,0,0,0,0,0,0,0,0,0,0,0,0,0,0,0,0,0,0,0,0,0,0,0,0,0,0
case	api.alibabaued.com	512,0,0,0,0,0,0,0,0,0,0,0,0,0,0,0,0,0,0,0,0,0,0,0,0,0,0,0,0,0,0,0
case	libabaued.com	0,0,0,0,0,0,0,0,0,0,0,0,0,0,0,0,0,0,0,0,0,0,0,0,0,0,0,0,0,0,0,0
case	snfn.alibabaued.com	512,0,0,0,0,0,0,0,0,0,0,0,0,0,0,0,0,0,0,0,0,0,0,0,0,0,0,0,0,0,0,0
case	alibabausercontent.com	512,0,0,0,0,0,0,0,0,0,0,0,0,0,0,0,0,0,0,0,0,0,0,0,0,0,0,0,0,0,0,0
case	ALIBABAUSERCONTENT.COM.	512,0,0,0,0,0,0,0,0,0,0,0,0,0,0,0,0,0,0,0,0,0,0,0,0,0,0,0,0,0,0,0
case	api.alibabausercontent.com	512,0,0,0,0,0,0,0,0,0,0,0,0,0,0,0,0,0,0,0,0,0,0,0,0,0,0,0,0,0,0,0
case	libabausercontent.com	0,0,0,0,0,0,0,0,0,0,0,0,0,0,0,0,0,0,0,0,0,0,0,0,0,0,0,0,0,0,0,0
case	u.alibabausercontent.com	512,0,0,0,0,0,0,0,0,0,0,0,0,0,0,0,0,0,0,0,0,0,0,0,0,0,0,0,0,0,0,0
case	alifanyi.com	512,0,0,0,0,0,0,0,0,0,0,0,0,0,0,0,0,0,0,0,0,0,0,0,0,0,0,0,0,0,0,0
case	ALIFANYI.COM.	512,0,0,0,0,0,0,0,0,0,0,0,0,0,0,0,0,0,0,0,0,0,0,0,0,0,0,0,0,0,0,0
case	api.alifanyi.com	512,0,0,0,0,0,0,0,0,0,0,0,0,0,0,0,0,0,0,0,0,0,0,0,0,0,0,0,0,0,0,0
case	lifanyi.com	0,0,0,0,0,0,0,0,0,0,0,0,0,0,0,0,0,0,0,0,0,0,0,0,0,0,0,0,0,0,0,0
case	a.alifanyi.com	512,0,0,0,0,0,0,0,0,0,0,0,0,0,0,0,0,0,0,0,0,0,0,0,0,0,0,0,0,0,0,0
case	alihealth.com.cn	512,0,0,0,0,0,0,0,0,0,0,0,0,0,0,0,0,0,0,0,0,0,0,0,0,0,0,0,0,0,0,0
case	ALIHEALTH.COM.CN.	512,0,0,0,0,0,0,0,0,0,0,0,0,0,0,0,0,0,0,0,0,0,0,0,0,0,0,0,0,0,0,0
case	api.alihealth.com.cn	512,0,0,0,0,0,0,0,0,0,0,0,0,0,0,0,0,0,0,0,0,0,0,0,0,0,0,0,0,0,0,0
case	lihealth.com.cn	512,0,0,0,0,0,0,0,0,0,0,0,0,0,0,0,0,0,0,0,0,0,0,0,0,0,0,0,0,0,0,0
case	fh.alihealth.com.cn	512,0,0,0,0,0,0,0,0,0,0,0,0,0,0,0,0,0,0,0,0,0,0,0,0,0,0,0,0,0,0,0
case	alihealth.hk	0,0,0,0,0,0,0,0,0,0,0,0,0,0,0,0,0,0,0,0,0,0,0,0,0,0,0,0,0,0,0,0
case	ALIHEALTH.HK.	0,0,0,0,0,0,0,0,0,0,0,0,0,0,0,0,0,0,0,0,0,0,0,0,0,0,0,0,0,0,0,0
case	api.alihealth.hk	0,0,0,0,0,0,0,0,0,0,0,0,0,0,0,0,0,0,0,0,0,0,0,0,0,0,0,0,0,0,0,0
case	lihealth.hk	0,0,0,0,0,0,0,0,0,0,0,0,0,0,0,0,0,0,0,0,0,0,0,0,0,0,0,0,0,0,0,0
case	hada.alihealth.hk	0,0,0,0,0,0,0,0,0,0,0,0,0,0,0,0,0,0,0,0,0,0,0,0,0,0,0,0,0,0,0,0
case	aliimg.com	512,0,0,0,0,0,0,0,0,0,0,0,0,0,0,0,0,0,0,0,0,0,0,0,0,0,0,0,0,0,0,0
case	ALIIMG.COM.	512,0,0,0,0,0,0,0,0,0,0,0,0,0,0,0,0,0,0,0,0,0,0,0,0,0,0,0,0,0,0,0
case	api.aliimg.com	512,0,0,0,0,0,0,0,0,0,0,0,0,0,0,0,0,0,0,0,0,0,0,0,0,0,0,0,0,0,0,0
case	liimg.com	0,0,0,0,0,0,0,0,0,0,0,0,0,0,0,0,0,0,0,0,0,0,0,0,0,0,0,0,0,0,0,0
case	mmrxs.aliimg.com	512,0,0,0,0,0,0,0,0,0,0,0,0,0,0,0,0,0,0,0,0,0,0,0,0,0,0,0,0,0,0,0
case	51y5.net	64,0,0,0,0,0,0,0,0,0,0,0,0,0,0,0,0,0,0,0,0,0,0,0,0,0,0,0,0,0,0,0
case	51Y5.NET.	64,0,0,0,0,0,0,0,0,0,0,0,0,0,0,0,0,0,0,0,0,0,0,0,0,0,0,0,0,0,0,0
case	api.51y5.net	64,0,0,0,0,0,0,0,0,0,0,0,0,0,0,0,0,0,0,0,0,0,0,0,0,0,0,0,0,0,0,0
case	1y5.net	0,0,0,0,0,0,0,0,0,0,0,0,0,0,0,0,0,0,0,0,0,0,0,0,0,0,0,0,0,0,0,0
case	hhh.51y5.net	64,0,0,0,0,0,0,0,0,0,0,0,0,0,0,0,0,0,0,0,0,0,0,0,0,0,0,0,0,0,0,0
case	a.adtng.com	64,0,0,0,0,0,0,0,0,0,0,0,0,0,0,0,0,0,0,0,0,0,0,0,0,0,0,0,0,0,0,0
case	A.ADTNG.COM.	64,0,0,0,0,0,0,0,0,0,0,0,0,0,0,0,0,0,0,0,0,0,0,0,0,0,0,0,0,0,0,0
case	api.a.adtng.com	64,0,0,0,0,0,0,0,0,0,0,0,0,0,0,0,0,0,0,0,0,0,0,0,0,0,0,0,0,0,0,0
case	.adtng.com	0,0,0,0,0,0,0,0,0,0,0,0,0,0,0,0,0,0,0,0,0,0,0,0,0,0,0,0,0,0,0,0
case	w.a.adtng.com	64,0,0,0,0,0,0,0,0,0,0,0,0,0,0,0,0,0,0,0,0,0,0,0,0,0,0,0,0,0,0,0
case	aaxads.com	64,0,0,0,0,0,0,0,0,0,0,0,0,0,0,0,0,0,0,0,0,0,0,0,0,0,0,0,0,0,0,0
case	AAXADS.COM.	64,0,0,0,0,0,0,0,0,0,0,0,0,0,0,0,0,0,0,0,0,0,0,0,0,0,0,0,0,0,0,0
case	api.aaxads.com	64,0,0,0,0,0,0,0,0,0,0,0,0,0,0,0,0,0,0,0,0,0,0,0,0,0,0,0,0,0,0,0
case	axads.com	0,0,0,0,0,0,0,0,0,0,0,0,0,0,0,0,0,0,0,0,0,0,0,0,0,0,0,0,0,0,0,0
case	fk.aaxads.com	64,0,0,0,0,0,0,0,0,0,0,0,0,0,0,0,0,0,0,0,0,0,0,0,0,0,0,0,0,0,0,0
case	addthisedge.com	64,0,0,0,0,0,0,0,0,0,0,0,0,0,0,0,0,0,0,0,0,0,0,0,0,0,0,0,0,0,0,0
case	ADDTHISEDGE.COM.	64,0,0,0,0,0,0,0,0,0,0,0,0,0,0,0,0,0,0,0,0,0,0,0,0,0,0,0,0,0,0,0
case	api.addthisedge.com	64,0,0,0,0,0,0,0,0,0,0,0,0,0,0,0,0,0,0,0,0,0,0,0,0,0,0,0,0,0,0,0
case	ddthisedge.com	0,0,0,0,0,0,0,0,0,0,0,0,0,0,0,0,0,0,0,0,0,0,0,0,0,0,0,0,0,0,0,0
case	g.addthisedge.com	64,0,0,0,0,0,0,0,0,0,0,0,0,0,0,0,0,0,0,0,0,0,0,0,0,0,0,0,0,0,0,0
case	adtrue.com	64,0,0,0,0,0,0,0,0,0,0,0,0,0,0,0,0,0,0,0,0,0,0,0,0,0,0,0,0,0,0,0
case	ADTRUE.COM.	64,0,0,0,0,0,0,0,0,0,0,0,0,0,0,0,0,0,0,0,0,0,0,0,0,0,0,0,0,0,0,0
case	api.adtrue.com	64,0,0,0,0,0,0,0,0,0,0,0,0,0,0,0,0,0,0,0,0,0,0,0,0,0,0,0,0,0,0,0
case	dtrue.com	0,0,0,0,0,0,0,0,0,0,0,0,0,0,0,0,0,0,0,0,0,0,0,0,0,0,0,0,0,0,0,0
case	td.adtrue.com	64,0,0,0,0,0,0,0,0,0,0,0,0,0,0,0,0,0,0,0,0,0,0,0,0,0,0,0,0,0,0,0
case	ad-srv.net	64,0,0,0,0,0,0,0,0,0,0,0,0,0,0,0,0,0,0,0,0,0,0,0,0,0,0,0,0,0,0,0
case	AD-SRV.NET.	64,0,0,0,0,0,0,0,0,0,0,0,0,0,0,0,0,0,0,0,0,0,0,0,0,0,0,0,0,0,0,0
case	api.ad-srv.net	64,0,0,0,0,0,0,0,0,0,0,0,0,0,0,0,0,0,0,0,0,0,0,0,0,0,0,0,0,0,0,0
case	d-srv.net	0,0,0,0,0,0,0,0,0,0,0,0,0,0,0,0,0,0,0,0,0,0,0,0,0,0,0,0,0,0,0,0
case	dfbxb.ad-srv.net	64,0,0,0,0,0,0,0,0,0,0,0,0,0,0,0,0,0,0,0,0,0,0,0,0,0,0,0,0,0,0,0
case	ad.api.moji.com	576,0,0,0,0,0,0,0,0,0,0,0,0,0,0,0,0,0,0,0,0,0,0,0,0,0,0,0,0,0,0,0
case	AD.API.MOJI.COM.	576,0,0,0,0,0,0,0,0,0,0,0,0,0,0,0,0,0,0,0,0,0,0,0,0,0,0,0,0,0,0,0
case	api.ad.api.moji.com	576,0,0,0,0,0,0,0,0,0,0,0,0,0,0,0,0,0,0,0,0,0,0,0,0,0,0,0,0,0,0,0
case	d.api.moji.com	512,0,0,0,0,0,0,0,0,0,0,0,0,0,0,0,0,0,0,0,0,0,0,0,0,0,0,0,0,0,0,0
case	buns.ad.api.moji.com	576,0,0,0,0,0,0,0,0,0,0,0,0,0,0,0,0,0,0,0,0,0,0,0,0,0,0,0,0,0,0,0
case	ad.wang502.com	64,0,0,0,0,0,0,0,0,0,0,0,0,0,0,0,0,0,0,0,0,0,0,0,0,0,0,0,0,0,0,0
case	AD.WANG502.COM.	64,0,0,0,0,0,0,0,0,0,0,0,0,0,0,0,0,0,0,0,0,0,0,0,0,0,0,0,0,0,0,0
case	api.ad.wang502.com	64,0,0,0,0,0,0,0,0,0,0,0,0,0,0,0,0,0,0,0,0,0,0,0,0,0,0,0,0,0,0,0
case	d.wang502.com	0,0,0,0,0,0,0,0,0,0,0,0,0,0,0,0,0,0,0,0,0,0,0,0,0,0,0,0,0,0,0,0
case	s.ad.wang502.com	64,0,0,0,0,0,0,0,0,0,0,0,0,0,0,0,0,0,0,0,0,0,0,0,0,0,0,0,0,0,0,0
case	adbutter.net	64,0,0,0,0,0,0,0,0,0,0,0,0,0,0,0,0,0,0,0,0,0,0,0,0,0,0,0,0,0,0,0
case	ADBUTTER.NET.	64,0,0,0,0,0,0,0,0,0,0,0,0,0,0,0,0,0,0,0,0,0,0,0,0,0,0,0,0,0,0,0
case	api.adbutter.net	64,0,0,0,0,0,0,0,0,0,0,0,0,0,0,0,0,0,0,0,0,0,0,0,0,0,0,0,0,0,0,0
case	dbutter.net	0,0,0,0,0,0,0,0,0,0,0,0,0,0,0,0,0,0,0,0,0,0,0,0,0,0,0,0,0,0,0,0
case	wts.adbutter.net	64,0,0,0,0,0,0,0,0,0,0,0,0,0,0,0,0,0,0,0,0,0,0,0,0,0,0,0,0,0,0,0
case	ads.trafficjunky.net	64,0,0,0,0,0,0,0,0,0,0,0,0,0,0,0,0,0,0,0,0,0,0,0,0,0,0,0,0,0,0,0
case	ADS.TRAFFICJUNKY.NET.	64,0,0,0,0,0,0,0,0,0,0,0,0,0,0,0,0,0,0,0,0,0,0,0,0,0,0,0,0,0,0,0
case	api.ads.trafficjunky.net	64,0,0,0,0,0,0,0,0,0,0,0,0,0,0,0,0,0,0,0,0,0,0,0,0,0,0,0,0,0,0,0
case	ds.trafficjunky.net	0,0,0,0,0,0,0,0,0,0,0,0,0,0,0,0,0,0,0,0,0,0,0,0,0,0,0,0,0,0,0,0
case	p.ads.trafficjunky.net	64,0,0,0,0,0,0,0,0,0,0,0,0,0,0,0,0,0,0,0,0,0,0,0,0,0,0,0,0,0,0,0
case	adtechus.com	64,0,0,0,0,0,0,0,0,0,0,0,0,0,0,0,0,0,0,0,0,0,0,0,0,0,0,0,0,0,0,0
case	ADTECHUS.COM.	64,0,0,0,0,0,0,0,0,0,0,0,0,0,0,0,0,0,0,0,0,0,0,0,0,0,0,0,0,0,0,0
case	api.adtechus.com	64,0,0,0,0,0,0,0,0,0,0,0,0,0,0,0,0,0,0,0,0,0,0,0,0,0,0,0,0,0,0,0
case	dtechus.com	0,0,0,0,0,0,0,0,0,0,0,0,0,0,0,0,0,0,0,0,0,0,0,0,0,0,0,0,0,0,0,0
case	aegv.adtechus.com	64,0,0,0,0,0,0,0,0,0,0,0,0,0,0,0,0,0,0,0,0,0,0,0,0,0,0,0,0,0,0,0
case	adxprtz.com	64,0,0,0,0,0,0,0,0,0,0,0,0,0,0,0,0,0,0,0,0,0,0,0,0,0,0,0,0,0,0,0
case	ADXPRTZ.COM.	64,0,0,0,0,0,0,0,0,0,0,0,0,0,0,0,0,0,0,0,0,0,0,0,0,0,0,0,0,0,0,0
case	api.adxprtz.com	64,0,0,0,0,0,0,0,0,0,0,0,0,0,0,0,0,0,0,0,0,0,0,0,0,0,0,0,0,0,0,0
case	dxprtz.com	0,0,0,0,0,0,0,0,0,0,0,0,0,0,0,0,0,0,0,0,0,0,0,0,0,0,0,0,0,0,0,0
case	rwdg.adxprtz.com	64,0,0,0,0,0,0,0,0,0,0,0,0,0,0,0,0,0,0,0,0,0,0,0,0,0,0,0,0,0,0,0
case	cdn.advertserve.com	64,0,0,0,0,0,0,0,0,0,0,0,0,0,0,0,0,0,0,0,0,0,0,0,0,0,0,0,0,0,0,0
case	CDN.ADVERTSERVE.COM.	64,0,0,0,0,0,0,0,0,0,0,0,0,0,0,0,0,0,0,0,0,0,0,0,0,0,0,0,0,0,0,0
case	api.cdn.advertserve.com	64,0,0,0,0,0,0,0,0,0,0,0,0,0,0,0,0,0,0,0,0,0,0,0,0,0,0,0,0,0,0,0
case	dn.advertserve.com	64,0,0,0,0,0,0,0,0,0,0,0,0,0,0,0,0,0,0,0,0,0,0,0,0,0,0,0,0,0,0,0
case	art.cdn.advertserve.com	64,0,0,0,0,0,0,0,0,0,0,0,0,0,0,0,0,0,0,0,0,0,0,0,0,0,0,0,0,0,0,0
case	cdn.banclip.com	64,0,0,0,0,0,0,0,0,0,0,0,0,0,0,0,0,0,0,0,0,0,0,0,0,0,0,0,0,0,0,0
case	CDN.BANCLIP.COM.	64,0,0,0,0,0,0,0,0,0,0,0,0,0,0,0,0,0,0,0,0,0,0,0,0,0,0,0,0,0,0,0
case	api.cdn.banclip.com	64,0,0,0,0,0,0,0,0,0,0,0,0,0,0,0,0,0,0,0,0,0,0,0,0,0,0,0,0,0,0,0
case	dn.banclip.com	0,0,0,0,0,0,0,0,0,0,0,0,0,0,0,0,0,0,0,0,0,0,0,0,0,0,0,0,0,0,0,0
case	wxvu.cdn.banclip.com	64,0,0,0,0,0,0,0,0,0,0,0,0,0,0,0,0,0,0,0,0,0,0,0,0,0,0,0,0,0,0,0
case	cfts1tifqr.com	64,0,0,0,0,0,0,0,0,0,0,0,0,0,0,0,0,0,0,0,0,0,0,0,0,0,0,0,0,0,0,0
case	CFTS1TIFQR.COM.	64,0,0,0,0,0,0,0,0,0,0,0,0,0,0,0,0,0,0,0,0,0,0,0,0,0,0,0,0,0,0,0
case	api.cfts1tifqr.com	64,0,0,0,0,0,0,0,0,0,0,0,0,0,0,0,0,0,0,0,0,0,0,0,0,0,0,0,0,0,0,0
case	fts1tifqr.com	0,0,0,0,0,0,0,0,0,0,0,0,0,0,0,0,0,0,0,0,0,0,0,0,0,0,0,0,0,0,0,0
case	gbvh.cfts1tifqr.com	64,0,0,0,0,0,0,0,0,0,0,0,0,0,0,0,0,0,0,0,0,0,0,0,0,0,0,0,0,0,0,0
case	contentabc.com	64,0,0,0,0,0,0,0,0,0,0,0,0,0,0,0,0,0,0,0,0,0,0,0,0,0,0,0,0,0,0,0
case	CONTENTABC.COM.	64,0,0,0,0,0,0,0,0,0,0,0,0,0,0,0,0,0,0,0,0,0,0,0,0,0,0,0,0,0,0,0
case	api.contentabc.com	64,0,0,0,0,0,0,0,0,0,0,0,0,0,0,0,0,0,0,0,0,0,0,0,0,0,0,0,0,0,0,0
case	ontentabc.com	0,0,0,0,0,0,0,0,0,0,0,0,0,0,0,0,0,0,0,0,0,0,0,0,0,0,0,0,0,0,0,0
case	x.contentabc.com	64,0,0,0,0,0,0,0,0,0,0,0,0,0,0,0,0,0,0,0,0,0,0,0,0,0,0,0,0,0,0,0
case	cretgate.com	64,0,0,0,0,0,0,0,0,0,0,0,0,0,0,0,0,0,0,0,0,0,0,0,0,0,0,0,0,0,0,0
case	CRETGATE.COM.	64,0,0,0,0,0,0,0,0,0,0,0,0,0,0,0,0,0,0,0,0,0,0,0,0,0,0,0,0,0,0,0
case	api.cretgate.com	64,0,0,0,0,0,0,0,0,0,0,0,0,0,0,0,0,0,0,0,0,0,0,0,0,0,0,0,0,0,0,0
case	retgate.com	0,0,0,0,0,0,0,0,0,0,0,0,0,0,0,0,0,0,0,0,0,0,0,0,0,0,0,0,0,0,0,0
case	w.cretgate.com	64,0,0,0,0,0,0,0,0,0,0,0,0,0,0,0,0,0,0,0,0,0,0,0,0,0,0,0,0,0,0,0
case	ero-advertising.com	64,0,0,0,0,0,0,0,0,0,0,0,0,0,0,0,0,0,0,0,0,0,0,0,0,0,0,0,0,0,0,0
case	ERO-ADVERTISING.COM.	64,0,0,0,0,0,0,0,0,0,0,0,0,0,0,0,0,0,0,0,0,0,0,0,0,0,0,0,0,0,0,0
case	api.ero-advertising.com	64,0,0,0,0,0,0,0,0,0,0,0,0,0,0,0,0,0,0,0,0,0,0,0,0,0,0,0,0,0,0,0
case	ro-advertising.com	0,0,0,0,0,0,0,0,0,0,0,0,0,0,0,0,0,0,0,0,0,0,0,0,0,0,0,0,0,0,0,0
case	eaqiu.ero-advertising.com	64,0,0,0,0,0,0,0,0,0,0,0,0,0,0,0,0,0,0,0,0,0,0,0,0,0,0,0,0,0,0,0
case	eroadvertising.com	64,0,0,0,0,0,0,0,0,0,0,0,0,0,0,0,0,0,0,0,0,0,0,0,0,0,0,0,0,0,0,0
case	EROADVERTISING.COM.	64,0,0,0,0,0,0,0,0,0,0,0,0,0,0,0,0,0,0,0,0,0,0,0,0,0,0,0,0,0,0,0
case	api.eroadvertising.com	64,0,0,0,0,0,0,0,0,0,0,0,0,0,0,0,0,0,0,0,0,0,0,0,0,0,0,0,0,0,0,0
case	roadvertising.com	0,0,0,0,0,0,0,0,0,0,0,0,0,0,0,0,0,0,0,0,0,0,0,0,0,0,0,0,0,0,0,0
case	n.eroadvertising.com	64,0,0,0,0,0,0,0,0,0,0,0,0,0,0,0,0,0,0,0,0,0,0,0,0,0,0,0,0,0,0,0
case	exoclick.com	64,0,0,0,0,0,0,0,0,0,0,0,0,0,0,0,0,0,0,0,0,0,0,0,0,0,0,0,0,0,0,0
case	EXOCLICK.COM.	64,0,0,0,0,0,0,0,0,0,0,0,0,0,0,0,0,0,0,0,0,0,0,0,0,0,0,0,0,0,0,0
case	api.exoclick.com	64,0,0,0,0,0,0,0,0,0,0,0,0,0,0,0,0,0,0,0,0,0,0,0,0,0,0,0,0,0,0,0
case	xoclick.com	0,0,0,0,0,0,0,0,0,0,0,0,0,0,0,0,0,0,0,0,0,0,0,0,0,0,0,0,0,0,0,0
case	bwnex.exoclick.com	64,0,0,0,0,0,0,0,0,0,0,0,0,0,0,0,0,0,0,0,0,0,0,0,0,0,0,0,0,0,0,0
case	exosrv.com	64,0,0,0,0,0,0,0,0,0,0,0,0,0,0,0,0,0,0,0,0,0,0,0,0,0,0,0,0,0,0,0
case	EXOSRV.COM.	64,0,0,0,0,0,0,0,0,0,0,0,0,0,0,0,0,0,0,0,0,0,0,0,0,0,0,0,0,0,0,0
case	api.exosrv.com	64,0,0,0,0,0,0,0,0,0,0,0,0,0,0,0,0,0,0,0,0,0,0,0,0,0,0,0,0,0,0,0
case	xosrv.com	0,0,0,0,0,0,0,0,0,0,0,0,0,0,0,0,0,0,0,0,0,0,0,0,0,0,0,0,0,0,0,0
case	hxbe.exosrv.com	64,0,0,0,0,0,0,0,0,0,0,0,0,0,0,0,0,0,0,0,0,0,0,0,0,0,0,0,0,0,0,0
case	go2.global	64,0,0,0,0,0,0,0,0,0,0,0,0,0,0,0,0,0,0,0,0,0,0,0,0,0,0,0,0,0,0,0
case	GO2.GLOBAL.	64,0,0,0,0,0,0,0,0,0,0,0,0,0,0,0,0,0,0,0,0,0,0,0,0,0,0,0,0,0,0,0
case	api.go2.global	64,0,0,0,0,0,0,0,0,0,0,0,0,0,0,0,0,0,0,0,0,0,0,0,0,0,0,0,0,0,0,0
case	o2.global	0,0,0,0,0,0,0,0,0,0,0,0,0,0,0,0,0,0,0,0,0,0,0,0,0,0,0,0,0,0,0,0
case	q.go2.global	64,0,0,0,0,0,0,0,0,0,0,0,0,0,0,0,0,0,0,0,0,0,0,0,0,0,0,0,0,0,0,0
case	img-bss.csdn.net	576,0,0,0,0,0,0,0,0,0,0,0,0,0,0,0,0,0,0,0,0,0,0,0,0,0,0,0,0,0,0,0
case	IMG-BSS.CSDN.NET.	576,0,0,0,0,0,0,0,0,0,0,0,0,0,0,0,0,0,0,0,0,0,0,0,0,0,0,0,0,0,0,0
case	api.img-bss.csdn.net	576,0,0,0,0,0,0,0,0,0,0,0,0,0,0,0,0,0,0,0,0,0,0,0,0,0,0,0,0,0,0,0
case	mg-bss.csdn.net	512,0,0,0,0,0,0,0,0,0,0,0,0,0,0,0,0,0,0,0,0,0,0,0,0,0,0,0,0,0,0,0
case	jblf.img-bss.csdn.net	576,0,0,0,0,0,0,0,0,0,0,0,0,0,0,0,0,0,0,0,0,0,0,0,0,0,0,0,0,0,0,0
case	imglnkc.com	64,0,0,0,0,0,0,0,0,0,0,0,0,0,0,0,0,0,0,0,0,0,0,0,0,0,0,0,0,0,0,0
case	IMGLNKC.COM.	64,0,0,0,0,0,0,0,0,0,0,0,0,0,0,0,0,0,0,0,0,0,0,0,0,0,0,0,0,0,0,0
case	api.imglnkc.com	64,0,0,0,0,0,0,0,0,0,0,0,0,0,0,0,0,0,0,0,0,0,0,0,0,0,0,0,0,0,0,0
case	mglnkc.com	0,0,0,0,0,0,0,0,0,0,0,0,0,0,0,0,0,0,0,0,0,0,0,0,0,0,0,0,0,0,0,0
case	avl.imglnkc.com	64,0,0,0,0,0,0,0,0,0,0,0,0,0,0,0,0,0,0,0,0,0,0,0,0,0,0,0,0,0,0,0
case	imglnkd.com	64,0,0,0,0,0,0,0,0,0,0,0,0,0,0,0,0,0,0,0,0,0,0,0,0,0,0,0,0,0,0,0
case	IMGLNKD.COM.	64,0,0,0,0,0,0,0,0,0,0,0,0,0,0,0,0,0,0,0,0,0,0,0,0,0,0,0,0,0,0,0
case	api.imglnkd.com	64,0,0,0,0,0,0,0,0,0,0,0,0,0,0,0,0,0,0,0,0,0,0,0,0,0,0,0,0,0,0,0
case	mglnkd.com	0,0,0,0,0,0,0,0,0,0,0,0,0,0,0,0,0,0,0,0,0,0,0,0,0,0,0,0,0,0,0,0
case	llw.imglnkd.com	64,0,0,0,0,0,0,0,0,0,0,0,0,0,0,0,0,0,0,0,0,0,0,0,0,0,0,0,0,0,0,0
case	innovid.com	64,0,0,0,0,0,0,0,0,0,0,0,0,0,0,0,0,0,0,0,0,0,0,0,0,0,0,0,0,0,0,0
case	INNOVID.COM.	64,0,0,0,0,0,0,0,0,0,0,0,0,0,0,0,0,0,0,0,0,0,0,0,0,0,0,0,0,0,0,0
case	api.innovid.com	64,0,0,0,0,0,0,0,0,0,0,0,0,0,0,0,0,0,0,0,0,0,0,0,0,0,0,0,0,0,0,0
case	nnovid.com	0,0,0,0,0,0,0,0,0,0,0,0,0,0,0,0,0,0,0,0,0,0,0,0,0,0,0,0,0,0,0,0
case	mnmy.innovid.com	64,0,0,0,0,0,0,0,0,0,0,0,0,0,0,0,0,0,0,0,0,0,0,0,0,0,0,0,0,0,0,0
case	ja2.gamersky.com	576,0,0,0,0,0,0,0,0,0,0,0,0,0,0,0,0,0,0,0,0,0,0,0,0,0,0,0,0,0,0,0
case	JA2.GAMERSKY.COM.	576,0,0,0,0,0,0,0,0,0,0,0,0,0,0,0,0,0,0,0,0,0,0,0,0,0,0,0,0,0,0,0
case	api.ja2.gamersky.com	576,0,0,0,0,0,0,0,0,0,0,0,0,0,0,0,0,0,0,0,0,0,0,0,0,0,0,0,0,0,0,0
case	a2.gamersky.com	512,0,0,0,0,0,0,0,0,0,0,0,0,0,0,0,0,0,0,0,0,0,0,0,0,0,0,0,0,0,0,0
case	j.ja2.gamersky.com	576,0,0,0,0,0,0,0,0,0,0,0,0,0,0,0,0,0,0,0,0,0,0,0,0,0,0,0,0,0,0,0
case	jl3.yjaxa.top	64,0,0,0,0,0,0,0,0,0,0,0,0,0,0,0,0,0,0,0,0,0,0,0,0,0,0,0,0,0,0,0
case	JL3.YJAXA.TOP.	64,0,0,0,0,0,0,0,0,0,0,0,0,0,0,0,0,0,0,0,0,0,0,0,0,0,0,0,0,0,0,0
case	api.jl3.yjaxa.top	64,0,0,0,0,0,0,0,0,0,0,0,0,0,0,0,0,0,0,0,0,0,0,0,0,0,0,0,0,0,0,0
case	l3.yjaxa.top	0,0,0,0,0,0,0,0,0,0,0,0,0,0,0,0,0,0,0,0,0,0,0,0,0,0,0,0,0,0,0,0
case	jy.jl3.yjaxa.top	64,0,0,0,0,0,0,0,0,0,0,0,0,0,0,0,0,0,0,0,0,0,0,0,0,0,0,0,0,0,0,0
case	juicyads.com	64,0,0,0,0,0,0,0,0,0,0,0,0,0,0,0,0,0,0,0,0,0,0,0,0,0,0,0,0,0,0,0
case	JUICYADS.COM.	64,0,0,0,0,0,0,0,0,0,0,0,0,0,0,0,0,0,0,0,0,0,0,0,0,0,0,0,0,0,0,0
case	api.juicyads.com	64,0,0,0,0,0,0,0,0,0,0,0,0,0,0,0,0,0,0,0,0,0,0,0,0,0,0,0,0,0,0,0
case	uicyads.com	0,0,0,0,0,0,0,0,0,0,0,0,0,0,0,0,0,0,0,0,0,0,0,0,0,0,0,0,0,0,0,0
case	wcji.juicyads.com	64,0,0,0,0,0,0,0,0,0,0,0,0,0,0,0,0,0,0,0,0,0,0,0,0,0,0,0,0,0,0,0
case	kepler-37b.com	64,0,0,0,0,0,0,0,0,0,0,0,0,0,0,0,0,0,0,0,0,0,0,0,0,0,0,0,0,0,0,0
case	KEPLER-37B.COM.	64,0,0,0,0,0,0,0,0,0,0,0,0,0,0,0,0,0,0,0,0,0,0,0,0,0,0,0,0,0,0,0
case	api.kepler-37b.com	64,0,0,0,0,0,0,0,0,0,0,0,0,0,0,0,0,0,0,0,0,0,0,0,0,0,0,0,0,0,0,0
case	epler-37b.com	0,0,0,0,0,0,0,0,0,0,0,0,0,0,0,0,0,0,0,0,0,0,0,0,0,0,0,0,0,0,0,0
case	r.kepler-37b.com	64,0,0,0,0,0,0,0,0,0,0,0,0,0,0,0,0,0,0,0,0,0,0,0,0,0,0,0,0,0,0,0
case	lqc006.com	64,0,0,0,0,0,0,0,0,0,0,0,0,0,0,0,0,0,0,0,0,0,0,0,0,0,0,0,0,0,0,0
case	LQC006.COM.	64,0,0,0,0,0,0,0,0,0,0,0,0,0,0,0,0,0,0,0,0,0,0,0,0,0,0,0,0,0,0,0
case	api.lqc006.com	64,0,0,0,0,0,0,0,0,0,0,0,0,0,0,0,0,0,0,0,0,0,0,0,0,0,0,0,0,0,0,0
case	qc006.com	0,0,0,0,0,0,0,0,0,0,0,0,0,0,0,0,0,0,0,0,0,0,0,0,0,0,0,0,0,0,0,0
case	stebs.lqc006.com	64,0,0,0,0,0,0,0,0,0,0,0,0,0,0,0,0,0,0,0,0,0,0,0,0,0,0,0,0,0,0,0
case	moat.com	64,0,0,0,0,0,0,0,0,0,0,0,0,0,0,0,0,0,0,0,0,0,0,0,0,0,0,0,0,0,0,0
case	MOAT.COM.	64,0,0,0,0,0,0,0,0,0,0,0,0,0,0,0,0,0,0,0,0,0,0,0,0,0,0,0,0,0,0,0
case	api.moat.com	64,0,0,0,0,0,0,0,0,0,0,0,0,0,0,0,0,0,0,0,0,0,0,0,0,0,0,0,0,0,0,0
case	oat.com	0,0,0,0,0,0,0,0,0,0,0,0,0,0,0,0,0,0,0,0,0,0,0,0,0,0,0,0,0,0,0,0
case	c.moat.com	64,0,0,0,0,0,0,0,0,0,0,0,0,0,0,0,0,0,0,0,0,0,0,0,0,0,0,0,0,0,0,0
case	moatads.com	64,0,0,0,0,0,0,0,0,0,0,0,0,0,0,0,0,0,0,0,0,0,0,0,0,0,0,0,0,0,0,0
case	MOATADS.COM.	64,0,0,0,0,0,0,0,0,0,0,0,0,0,0,0,0,0,0,0,0,0,0,0,0,0,0,0,0,0,0,0
case	api.moatads.com	64,0,0,0,0,0,0,0,0,0,0,0,0,0,0,0,0,0,0,0,0,0,0,0,0,0,0,0,0,0,0,0
case	oatads.com	0,0,0,0,0,0,0,0,0,0,0,0,0,0,0,0,0,0,0,0,0,0,0,0,0,0,0,0,0,0,0,0
case	x.moatads.com	64,0,0,0,0,0,0,0,0,0,0,0,0,0,0,0,0,0,0,0,0,0,0,0,0,0,0,0,0,0,0,0
case	realsrv.com	64,0,0,0,0,0,0,0,0,0,0,0,0,0,0,0,0,0,0,0,0,0,0,0,0,0,0,0,0,0,0,0
case	REALSRV.COM.	64,0,0,0,0,0,0,0,0,0,0,0,0,0,0,0,0,0,0,0,0,0,0,0,0,0,0,0,0,0,0,0
case	api.realsrv.com	64,0,0,0,0,0,0,0,0,0,0,0,0,0,0,0,0,0,0,0,0,0,0,0,0,0,0,0,0,0,0,0
case	ealsrv.com	0,0,0,0,0,0,0,0,0,0,0,0,0,0,0,0,0,0,0,0,0,0,0,0,0,0,0,0,0,0,0,0
case	aa.realsrv.com	64,0,0,0,0,0,0,0,0,0,0,0,0,0,0,0,0,0,0,0,0,0,0,0,0,0,0,0,0,0,0,0
case	s4yxaqyq95.com	64,0,0,0,0,0,0,0,0,0,0,0,0,0,0,0,0,0,0,0,0,0,0,0,0,0,0,0,0,0,0,0
case	S4YXAQYQ95.COM.	64,0,0,0,0,0,0,0,0,0,0,0,0,0,0,0,0,0,0,0,0,0,0,0,0,0,0,0,0,0,0,0
case	api.s4yxaqyq95.com	64,0,0,0,0,0,0,0,0,0,0,0,0,0,0,0,0,0,0,0,0,0,0,0,0,0,0,0,0,0,0,0
case	4yxaqyq95.com	0,0,0,0,0,0,0,0,0,0,0,0,0,0,0,0,0,0,0,0,0,0,0,0,0,0,0,0,0,0,0,0
case	qru.s4yxaqyq95.com	64,0,0,0,0,0,0,0,0,0,0,0,0,0,0,0,0,0,0,0,0,0,0,0,0,0,0,0,0,0,0,0
case	shhs-ydd8x2.yjrmss.cn	576,0,0,0,0,0,0,0,0,0,0,0,0,0,0,0,0,0,0,0,0,0,0,0,0,0,0,0,0,0,0,0
case	SHHS-YDD8X2.YJRMSS.CN.	576,0,0,0,0,0,0,0,0,0,0,0,0,0,0,0,0,0,0,0,0,0,0,0,0,0,0,0,0,0,0,0
case	api.shhs-ydd8x2.yjrmss.cn	576,0,0,0,0,0,0,0,0,0,0,0,0,0,0,0,0,0,0,0,0,0,0,0,0,0,0,0,0,0,0,0
case	hhs-ydd8x2.yjrmss.cn	512,0,0,0,0,0,0,0,0,0,0,0,0,0,0,0,0,0,0,0,0,0,0,0,0,0,0,0,0,0,0,0
case	kcsqv.shhs-ydd8x2.yjrmss.cn	576,0,0,0,0,0,0,0,0,0,0,0,0,0,0,0,0,0,0,0,0,0,0,0,0,0,0,0,0,0,0,0
case	static.javhd.com	64,0,0,0,0,0,0,0,0,0,0,0,0,0,0,0,0,0,0,0,0,0,0,0,0,0,0,0,0,0,0,0
case	STATIC.JAVHD.COM.	64,0,0,0,0,0,0,0,0,0,0,0,0,0,0,0,0,0,0,0,0,0,0,0,0,0,0,0,0,0,0,0
case	api.static.javhd.com	64,0,0,0,0,0,0,0,0,0,0,0,0,0,0,0,0,0,0,0,0,0,0,0,0,0,0,0,0,0,0,0
case	tatic.javhd.com	0,0,0,0,0,0,0,0,0,0,0,0,0,0,0,0,0,0,0,0,0,0,0,0,0,0,0,0,0,0,0,0
case	unv.static.javhd.com	64,0,0,0,0,0,0,0,0,0,0,0,0,0,0,0,0,0,0,0,0,0,0,0,0,0,0,0,0,0,0,0
case	tm-banners.gamingadult.com	64,0,0,0,0,0,0,0,0,0,0,0,0,0,0,0,0,0,0,0,0,0,0,0,0,0,0,0,0,0,0,0
case	TM-BANNERS.GAMINGADULT.COM.	64,0,0,0,0,0,0,0,0,0,0,0,0,0,0,0,0,0,0,0,0,0,0,0,0,0,0,0,0,0,0,0
case	api.tm-banners.gamingadult.com	64,0,0,0,0,0,0,0,0,0,0,0,0,0,0,0,0,0,0,0,0,0,0,0,0,0,0,0,0,0,0,0
case	m-banners.gamingadult.com	0,0,0,0,0,0,0,0,0,0,0,0,0,0,0,0,0,0,0,0,0,0,0,0,0,0,0,0,0,0,0,0
case	ay.tm-banners.gamingadult.com	64,0,0,0,0,0,0,0,0,0,0,0,0,0,0,0,0,0,0,0,0,0,0,0,0,0,0,0,0,0,0,0
case	trafficfactory.biz	64,0,0,0,0,0,0,0,0,0,0,0,0,0,0,0,0,0,0,0,0,0,0,0,0,0,0,0,0,0,0,0
case	TRAFFICFACTORY.BIZ.	64,0,0,0,0,0,0,0,0,0,0,0,0,0,0,0,0,0,0,0,0,0,0,0,0,0,0,0,0,0,0,0
case	api.trafficfactory.biz	64,0,0,0,0,0,0,0,0,0,0,0,0,0,0,0,0,0,0,0,0,0,0,0,0,0,0,0,0,0,0,0
case	rafficfactory.biz	0,0,0,0,0,0,0,0,0,0,0,0,0,0,0,0,0,0,0,0,0,0,0,0,0,0,0,0,0,0,0,0
case	boi.trafficfactory.biz	64,0,0,0,0,0,0,0,0,0,0,0,0,0,0,0,0,0,0,0,0,0,0,0,0,0,0,0,0,0,0,0
case	tsyndicate.com	64,0,0,0,0,0,0,0,0,0,0,0,0,0,0,0,0,0,0,0,0,0,0,0,0,0,0,0,0,0,0,0
case	TSYNDICATE.COM.	64,0,0,0,0,0,0,0,0,0,0,0,0,0,0,0,0,0,0,0,0,0,0,0,0,0,0,0,0,0,0,0
case	api.tsyndicate.com	64,0,0,0,0,0,0,0,0,0,0,0,0,0,0,0,0,0,0,0,0,0,0,0,0,0,0,0,0,0,0,0
case	syndicate.com	0,0,0,0,0,0,0,0,0,0,0,0,0,0,0,0,0,0,0,0,0,0,0,0,0,0,0,0,0,0,0,0
case	c.tsyndicate.com	64,0,0,0,0,0,0,0,0,0,0,0,0,0,0,0,0,0,0,0,0,0,0,0,0,0,0,0,0,0,0,0
case	abchina.com	512,0,0,0,0,0,0,0,0,0,0,0,0,0,0,0,0,0,0,0,0,0,0,0,0,0,0,0,0,0,0,0
case	ABCHINA.COM.	512,0,0,0,0,0,0,0,0,0,0,0,0,0,0,0,0,0,0,0,0,0,0,0,0,0,0,0,0,0,0,0
case	api.abchina.com	512,0,0,0,0,0,0,0,0,0,0,0,0,0,0,0,0,0,0,0,0,0,0,0,0,0,0,0,0,0,0,0
case	bchina.com	0,0,0,0,0,0,0,0,0,0,0,0,0,0,0,0,0,0,0,0,0,0,0,0,0,0,0,0,0,0,0,0
case	tdyy.abchina.com	512,0,0,0,0,0,0,0,0,0,0,0,0,0,0,0,0,0,0,0,0,0,0,0,0,0,0,0,0,0,0,0
case	bankcomm.com	512,0,0,0,0,0,0,0,0,0,0,0,0,0,0,0,0,0,0,0,0,0,0,0,0,0,0,0,0,0,0,0
case	BANKCOMM.COM.	512,0,0,0,0,0,0,0,0,0,0,0,0,0,0,0,0,0,0,0,0,0,0,0,0,0,0,0,0,0,0,0
case	api.bankcomm.com	512,0,0,0,0,0,0,0,0,0,0,0,0,0,0,0,0,0,0,0,0,0,0,0,0,0,0,0,0,0,0,0
case	ankcomm.com	0,0,0,0,0,0,0,0,0,0,0,0,0,0,0,0,0,0,0,0,0,0,0,0,0,0,0,0,0,0,0,0
case	i.bankcomm.com	512,0,0,0,0,0,0,0,0,0,0,0,0,0,0,0,0,0,0,0,0,0,0,0,0,0,0,0,0,0,0,0
case	bankofbeijing.com.cn	512,0,0,0,0,0,0,0,0,0,0,0,0,0,0,0,0,0,0,0,0,0,0,0,0,0,0,0,0,0,0,0
case	BANKOFBEIJING.COM.CN.	512,0,0,0,0,0,0,0,0,0,0,0,0,0,0,0,0,0,0,0,0,0,0,0,0,0,0,0,0,0,0,0
case	api.bankofbeijing.com.cn	512,0,0,0,0,0,0,0,0,0,0,0,0,0,0,0,0,0,0,0,0,0,0,0,0,0,0,0,0,0,0,0
case	ankofbeijing.com.cn	512,0,0,0,0,0,0,0,0,0,0,0,0,0,0,0,0,0,0,0,0,0,0,0,0,0,0,0,0,0,0,0
case	nwo.bankofbeijing.com.cn	512,0,0,0,0,0,0,0,0,0,0,0,0,0,0,0,0,0,0,0,0,0,0,0,0,0,0,0,0,0,0,0
case	bosc.cn	512,0,0,0,0,0,0,0,0,0,0,0,0,0,0,0,0,0,0,0,0,0,0,0,0,0,0,0,0,0,0,0
case	BOSC.CN.	512,0,0,0,0,0,0,0,0,0,0,0,0,0,0,0,0,0,0,0,0,0,0,0,0,0,0,0,0,0,0,0
case	api.bosc.cn	512,0,0,0,0,0,0,0,0,0,0,0,0,0,0,0,0,0,0,0,0,0,0,0,0,0,0,0,0,0,0,0
case	osc.cn	512,0,0,0,0,0,0,0,0,0,0,0,0,0,0,0,0,0,0,0,0,0,0,0,0,0,0,0,0,0,0,0
case	ujcau.bosc.cn	512,0,0,0,0,0,0,0,0,0,0,0,0,0,0,0,0,0,0,0,0,0,0,0,0,0,0,0,0,0,0,0
case	bsb.com.cn	512,0,0,0,0,0,0,0,0,0,0,0,0,0,0,0,0,0,0,0,0,0,0,0,0,0,0,0,0,0,0,0
case	BSB.COM.CN.	512,0,0,0,0,0,0,0,0,0,0,0,0,0,0,0,0,0,0,0,0,0,0,0,0,0,0,0,0,0,0,0
case	api.bsb.com.cn	512,0,0,0,0,0,0,0,0,0,0,0,0,0,0,0,0,0,0,0,0,0,0,0,0,0,0,0,0,0,0,0
case	sb.com.cn	512,0,0,0,0,0,0,0,0,0,0,0,0,0,0,0,0,0,0,0,0,0,0,0,0,0,0,0,0,0,0,0
case	y.bsb.com.cn	512,0,0,0,0,0,0,0,0,0,0,0,0,0,0,0,0,0,0,0,0,0,0,0,0,0,0,0,0,0,0,0
case	ccb.com	512,0,0,0,0,0,0,0,0,0,0,0,0,0,0,0,0,0,0,0,0,0,0,0,0,0,0,0,0,0,0,0
case	CCB.COM.	512,0,0,0,0,0,0,0,0,0,0,0,0,0,0,0,0,0,0,0,0,0,0,0,0,0,0,0,0,0,0,0
case	api.ccb.com	512,0,0,0,0,0,0,0,0,0,0,0,0,0,0,0,0,0,0,0,0,0,0,0,0,0,0,0,0,0,0,0
case	cb.com	0,0,0,0,0,0,0,0,0,0,0,0,0,0,0,0,0,0,0,0,0,0,0,0,0,0,0,0,0,0,0,0
case	ijr.ccb.com	512,0,0,0,0,0,0,0,0,0,0,0,0,0,0,0,0,0,0,0,0,0,0,0,0,0,0,0,0,0,0,0
case	cgbchina.com.cn	512,0,0,0,0,0,0,0,0,0,0,0,0,0,0,0,0,0,0,0,0,0,0,0,0,0,0,0,0,0,0,0
case	CGBCHINA.COM.CN.	512,0,0,0,0,0,0,0,0,0,0,0,0,0,0,0,0,0,0,0,0,0,0,0,0,0,0,0,0,0,0,0
case	api.cgbchina.com.cn	512,0,0,0,0,0,0,0,0,0,0,0,0,0,0,0,0,0,0,0,0,0,0,0,0,0,0,0,0,0,0,0
case	gbchina.com.cn	512,0,0,0,0,0,0,0,0,0,0,0,0,0,0,0,0,0,0,0,0,0,0,0,0,0,0,0,0,0,0,0
case	rxv.cgbchina.com.cn	512,0,0,0,0,0,0,0,0,0,0,0,0,0,0,0,0,0,0,0,0,0,0,0,0,0,0,0,0,0,0,0
case	cib.com.cn	512,0,0,0,0,0,0,0,0,0,0,0,0,0,0,0,0,0,0,0,0,0,0,0,0,0,0,0,0,0,0,0
case	CIB.COM.CN.	512,0,0,0,0,0,0,0,0,0,0,0,0,0,0,0,0,0,0,0,0,0,0,0,0,0,0,0,0,0,0,0
case	api.cib.com.cn	512,0,0,0,0,0,0,0,0,0,0,0,0,0,0,0,0,0,0,0,0,0,0,0,0,0,0,0,0,0,0,0
case	ib.com.cn	512,0,0,0,0,0,0,0,0,0,0,0,0,0,0,0,0,0,0,0,0,0,0,0,0,0,0,0,0,0,0,0
case	bxt.cib.com.cn	512,0,0,0,0,0,0,0,0,0,0,0,0,0,0,0,0,0,0,0,0,0,0,0,0,0,0,0,0,0,0,0
case	citibank.com.cn	512,0,0,0,0,0,0,0,0,0,0,0,0,0,0,0,0,0,0,0,0,0,0,0,0,0,0,0,0,0,0,0
case	CITIBANK.COM.CN.	512,0,0,0,0,0,0,0,0,0,0,0,0,0,0,0,0,0,0,0,0,0,0,0,0,0,0,0,0,0,0,0
case	api.citibank.com.cn	512,0,0,0,0,0,0,0,0,0,0,0,0,0,0,0,0,0,0,0,0,0,0,0,0,0,0,0,0,0,0,0
case	itibank.com.cn	512,0,0,0,0,0,0,0,0,0,0,0,0,0,0,0,0,0,0,0,0,0,0,0,0,0,0,0,0,0,0,0
case	dorty.citibank.com.cn	512,0,0,0,0,0,0,0,0,0,0,0,0,0,0,0,0,0,0,0,0,0,0,0,0,0,0,0,0,0,0,0
case	cmbc.com.cn	512,0,0,0,0,0,0,0,0,0,0,0,0,0,0,0,0,0,0,0,0,0,0,0,0,0,0,0,0,0,0,0
case	CMBC.COM.CN.	512,0,0,0,0,0,0,0,0,0,0,0,0,0,0,0,0,0,0,0,0,0,0,0,0,0,0,0,0,0,0,0
case	api.cmbc.com.cn	512,0,0,0,0,0,0,0,0,0,0,0,0,0,0,0,0,0,0,0,0,0,0,0,0,0,0,0,0,0,0,0
case	mbc.com.cn	512,0,0,0,0,0,0,0,0,0,0,0,0,0,0,0,0,0,0,0,0,0,0,0,0,0,0,0,0,0,0,0
case	hbny.cmbc.com.cn	512,0,0,0,0,0,0,0,0,0,0,0,0,0,0,0,0,0,0,0,0,0,0,0,0,0,0,0,0,0,0,0
case	hsbc.com.cn	512,0,0,0,0,0,0,0,0,0,0,0,0,0,0,0,0,0,0,0,0,0,0,0,0,0,0,0,0,0,0,0
case	HSBC.COM.CN.	512,0,0,0,0,0,0,0,0,0,0,0,0,0,0,0,0,0,0,0,0,0,0,0,0,0,0,0,0,0,0,0
case	api.hsbc.com.cn	512,0,0,0,0,0,0,0,0,0,0,0,0,0,0,0,0,0,0,0,0,0,0,0,0,0,0,0,0,0,0,0
case	sbc.com.cn	512,0,0,0,0,0,0,0,0,0,0,0,0,0,0,0,0,0,0,0,0,0,0,0,0,0,0,0,0,0,0,0
case	vw.hsbc.com.cn	512,0,0,0,0,0,0,0,0,0,0,0,0,0,0,0,0,0,0,0,0,0,0,0,0,0,0,0,0,0,0,0
case	hxb.com.cn	512,0,0,0,0,0,0,0,0,0,0,0,0,0,0,0,0,0,0,0,0,0,0,0,0,0,0,0,0,0,0,0
case	HXB.COM.CN.	512,0,0,0,0,0,0,0,0,0,0,0,0,0,0,0,0,0,0,0,0,0,0,0,0,0,0,0,0,0,0,0
case	api.hxb.com.cn	512,0,0,0,0,0,0,0,0,0,0,0,0,0,0,0,0,0,0,0,0,0,0,0,0,0,0,0,0,0,0,0
case	xb.com.cn	512,0,0,0,0,0,0,0,0,0,0,0,0,0,0,0,0,0,0,0,0,0,0,0,0,0,0,0,0,0,0,0
case	axfj.hxb.com.cn	512,0,0,0,0,0,0,0,0,0,0,0,0,0,0,0,0,0,0,0,0,0,0,0,0,0,0,0,0,0,0,0
case	njcb.com.cn	512,0,0,0,0,0,0,0,0,0,0,0,0,0,0,0,0,0,0,0,0,0,0,0,0,0,0,0,0,0,0,0
case	NJCB.COM.CN.	512,0,0,0,0,0,0,0,0,0,0,0,0,0,0,0,0,0,0,0,0,0,0,0,0,0,0,0,0,0,0,0
case	api.njcb.com.cn	512,0,0,0,0,0,0,0,0,0,0,0,0,0,0,0,0,0,0,0,0,0,0,0,0,0,0,0,0,0,0,0
case	jcb.com.cn	512,0,0,0,0,0,0,0,0,0,0,0,0,0,0,0,0,0,0,0,0,0,0,0,0,0,0,0,0,0,0,0
case	l.njcb.com.cn	512,0,0,0,0,0,0,0,0,0,0,0,0,0,0,0,0,0,0,0,0,0,0,0,0,0,0,0,0,0,0,0
case	psbc.com	512,0,0,0,0,0,0,0,0,0,0,0,0,0,0,0,0,0,0,0,0,0,0,0,0,0,0,0,0,0,0,0
case	PSBC.COM.	512,0,0,0,0,0,0,0,0,0,0,0,0,0,0,0,0,0,0,0,0,0,0,0,0,0,0,0,0,0,0,0
case	api.psbc.com	512,0,0,0,0,0,0,0,0,0,0,0,0,0,0,0,0,0,0,0,0,0,0,0,0,0,0,0,0,0,0,0
case	sbc.com	0,0,0,0,0,0,0,0,0,0,0,0,0,0,0,0,0,0,0,0,0,0,0,0,0,0,0,0,0,0,0,0
case	qstnf.psbc.com	512,0,0,0,0,0,0,0,0,0,0,0,0,0,0,0,0,0,0,0,0,0,0,0,0,0,0,0,0,0,0,0
case	spdb.com.cn	512,0,0,0,0,0,0,0,0,0,0,0,0,0,0,0,0,0,0,0,0,0,0,0,0,0,0,0,0,0,0,0
case	SPDB.COM.CN.	512,0,0,0,0,0,0,0,0,0,0,0,0,0,0,0,0,0,0,0,0,0,0,0,0,0,0,0,0,0,0,0
case	api.spdb.com.cn	512,0,0,0,0,0,0,0,0,0,0,0,0,0,0,0,0,0,0,0,0,0,0,0,0,0,0,0,0,0,0,0
case	pdb.com.cn	512,0,0,0,0,0,0,0,0,0,0,0,0,0,0,0,0,0,0,0,0,0,0,0,0,0,0,0,0,0,0,0
case	esjf.spdb.com.cn	512,0,0,0,0,0,0,0,0,0,0,0,0,0,0,0,0,0,0,0,0,0,0,0,0,0,0,0,0,0,0,0
case	whccb.com	512,0,0,0,0,0,0,0,0,0,0,0,0,0,0,0,0,0,0,0,0,0,0,0,0,0,0,0,0,0,0,0
case	WHCCB.COM.	512,0,0,0,0,0,0,0,0,0,0,0,0,0,0,0,0,0,0,0,0,0,0,0,0,0,0,0,0,0,0,0
case	api.whccb.com	512,0,0,0,0,0,0,0,0,0,0,0,0,0,0,0,0,0,0,0,0,0,0,0,0,0,0,0,0,0,0,0
case	hccb.com	0,0,0,0,0,0,0,0,0,0,0,0,0,0,0,0,0,0,0,0,0,0,0,0,0,0,0,0,0,0,0,0
case	u.whccb.com	512,0,0,0,0,0,0,0,0,0,0,0,0,0,0,0,0,0,0,0,0,0,0,0,0,0,0,0,0,0,0,0
case	_https._tcp.mirrors.ustc.edu.cn	516,0,0,0,0,0,0,0,0,0,0,0,0,0,0,0,0,0,0,0,0,0,0,0,0,0,0,0,0,0,0,0
case	_HTTPS._TCP.MIRRORS.USTC.EDU.CN.	516,0,0,0,0,0,0,0,0,0,0,0,0,0,0,0,0,0,0,0,0,0,0,0,0,0,0,0,0,0,0,0
case	api._https._tcp.mirrors.ustc.edu.cn	516,0,0,0,0,0,0,0,0,0,0,0,0,0,0,0,0,0,0,0,0,0,0,0,0,0,0,0,0,0,0,0
case	https._tcp.mirrors.ustc.edu.cn	512,0,0,0,0,0,0,0,0,0,0,0,0,0,0,0,0,0,0,0,0,0,0,0,0,0,0,0,0,0,0,0
case	ufx._https._tcp.mirrors.ustc.edu.cn	516,0,0,0,0,0,0,0,0,0,0,0,0,0,0,0,0,0,0,0,0,0,0,0,0,0,0,0,0,0,0,0
case	ipv4.master.test-ipv6.com	1,0,0,0,0,0,0,0,0,0,0,0,0,0,0,0,0,0,0,0,0,0,0,0,0,0,0,0,0,0,0,0
case	IPV4.MASTER.TEST-IPV6.COM.	1,0,0,0,0,0,0,0,0,0,0,0,0,0,0,0,0,0,0,0,0,0,0,0,0,0,0,0,0,0,0,0
case	api.ipv4.master.test-ipv6.com	1,0,0,0,0,0,0,0,0,0,0,0,0,0,0,0,0,0,0,0,0,0,0,0,0,0,0,0,0,0,0,0
case	pv4.master.test-ipv6.com	1,0,0,0,0,0,0,0,0,0,0,0,0,0,0,0,0,0,0,0,0,0,0,0,0,0,0,0,0,0,0,0
case	qsl.ipv4.master.test-ipv6.com	1,0,0,0,0,0,0,0,0,0,0,0,0,0,0,0,0,0,0,0,0,0,0,0,0,0,0,0,0,0,0,0
